['Nicole Davis', '43', '769 Heather Trail Suite 139', 'Edwardmouth', 'Maryland', '26985', '-120.902763', '-10.0462575']
['Steve Cantrell', '46', '914 Kelley Heights Apt. 323', 'West Donhaven', 'New Hampshire', '95917', '4.792963', '57.8596085']
['Kenneth Thomas', '58', '5589 Espinoza Skyway', 'Bushberg', 'South Dakota', '47958', '70.234285', '-4.1886785']
['Jon Rodriguez', '44', '69791 Mccullough Summit', 'North Kennethbury', 'North Dakota', '99523', '26.707532', '-17.232408']
['Mark Daniels', '48', '3082 Walker Roads', 'Webbburgh', 'Ohio', '18701', '80.283513', '27.1533405']
['Jose Larson', '60', '44159 Rodriguez Plains', 'Shannonchester', 'Missouri', '63025', '-56.178466', '-45.0033155']
['Julia Jones', '20', '8738 Mark Circle Apt. 685', 'Washingtonfort', 'Louisiana', '48005', '-170.769708', '-89.822463']
['Troy Gardner', '67', '002 Jeremy Lane', 'Heatherberg', 'Kansas', '05066', '164.993485', '62.655714']
['John Anderson', '63', '2915 Judy Park Suite 193', 'Port Tara', 'Arkansas', '33595', '-72.115286', '41.921064']
['Sally Perez', '29', '366 Alyssa Landing', 'East Nicole', 'Virginia', '81829', '21.695083', '-74.639022']
['Joseph Mendez', '39', '1217 Cox Roads', 'Zimmermanhaven', 'Vermont', '29068', '163.671827', '-8.7204125']
['Jordan Flores', '47', '0553 Flores Rest', 'South Lorichester', 'Rhode Island', '82242', '91.739170', '69.389910']
['Julian Gonzalez', '44', '3092 Janice Passage Suite 559', 'Lake Shannon', 'Nebraska', '03791', '-149.547107', '59.640901']
['Emily Anderson', '53', '300 Lucas Prairie Apt. 390', 'Gallagherborough', 'North Dakota', '47341', '-119.169752', '0.515725']
['Karen Berger', '27', '62171 Mendoza Prairie Suite 457', 'South Andrealand', 'Wisconsin', '33914', '-3.367745', '-26.7046825']
['Frederick Riley', '22', '309 Hines Field', 'Melissaland', 'Missouri', '53275', '139.987401', '-56.7717395']
['Terri Haynes', '77', '8739 Smith Stream', 'South Jonathan', 'Rhode Island', '46049', '-126.331377', '44.884132']
['Melissa Richardson', '69', '2000 Beard Groves', 'Ruizfort', 'West Virginia', '70878', '-54.933020', '-56.1475135']
['Lauren Kelly', '51', '725 Bryant Station Suite 414', 'Andrewchester', 'Vermont', '93502', '-71.309205', '15.652679']
['Jennifer Chavez', '49', '057 Collins Stream', 'Port Timothy', 'New Hampshire', '77250', '34.015766', '86.670782']
['Deborah Chavez', '52', '4059 Miguel Turnpike', 'Jerryborough', 'New York', '21625', '-46.841630', '59.7288185']
['Phillip Neal', '79', '93483 Saunders Terrace', 'New Jonathan', 'South Dakota', '93400', '41.657767', '37.582365']
['Gabriela Sloan', '34', '29068 Brenda Mountain Apt. 587', 'Haysland', 'Nebraska', '67838', '136.771187', '67.468745']
['Dr. Michelle Tran', '51', '091 Woods Street Suite 448', 'Michaelborough', 'North Dakota', '66711', '-80.038460', '42.951410']
['Tyler Hunt', '67', '20511 Rebecca Plains Apt. 422', 'Lake Jillian', 'Maine', '82522', '77.671978', '79.955635']
['Cynthia Miller', '25', '19439 Reginald Gateway Suite 550', 'East Anitaside', 'Iowa', '54542', '-18.141852', '34.6831895']
['Pamela Garner', '61', '930 Stevens Walk', 'Port Jeremyborough', 'Connecticut', '38174', '145.635792', '71.824926']
['Cody Smith', '61', '92307 Melissa Lock', 'Lake Calvinfurt', 'Kansas', '78985', '-95.792073', '10.245473']
['Debra Lara', '65', '370 Salas Light', 'Lake Lori', 'Tennessee', '63820', '160.954190', '74.318544']
['Jason Edwards', '24', '0262 Mary Ridges', 'Dukechester', 'Rhode Island', '25379', '-98.610982', '12.283110']
['Maria Johnson', '41', '1564 Hall Forks', 'North Timothyhaven', 'Idaho', '97875', '36.093994', '86.658500']
['William Howard', '56', '16517 Rickey Row Apt. 345', 'West Jasontown', 'Louisiana', '85507', '36.852695', '28.177038']
['Patricia Klein', '22', '80026 Ritter Bypass Suite 509', 'West Shannonstad', 'Nevada', '72837', '80.143184', '79.029693']
['Joshua Jordan', '27', '79990 Michelle Plaza', 'Lake Charleshaven', 'New Jersey', '17532', '-50.583276', '-28.171490']
['Candace Powell', '73', '17017 Amy Viaduct Apt. 782', 'New Lorimouth', 'Alabama', '73822', '-66.508197', '-23.8565275']
['Ryan Turner', '27', '68018 Andrea Forge Apt. 469', 'Fletchermouth', 'Alaska', '96575', '151.553307', '-12.425504']
['Clifford Daniel', '77', '6049 Harper Forge', 'New Barbarahaven', 'Nevada', '36411', '25.224207', '-49.703380']
['April Gonzalez', '59', '76189 Walsh Junctions', 'South Susanstad', 'Alaska', '22577', '-110.711883', '-53.437236']
['Frank Jackson', '61', '056 Miranda Forges', 'Lake Kevinshire', 'Maryland', '21453', '8.337921', '5.8827175']
['Katrina Watkins', '78', '1721 Burton Union', 'South Robert', 'Oklahoma', '75703', '159.948425', '20.771272']
['Linda Cabrera', '55', '816 Mathis Mills', 'East Christophertown', 'Kansas', '89443', '97.953531', '15.2558015']
['Ricky Peterson', '60', '416 Sheryl Dam', 'Port Alyssaview', 'Mississippi', '21223', '-155.340286', '24.7547025']
['Nicholas Johnson', '61', '90065 Lopez Inlet', 'Halltown', 'Maryland', '39991', '-15.666271', '-43.0362245']
['Omar White', '38', '7463 Zoe Fall', 'Alvarezport', 'Mississippi', '71434', '103.809462', '-2.390608']
['Andrew Lopez', '23', '60426 Thomas Pike Suite 057', 'Crystalfurt', 'Mississippi', '12717', '143.356965', '64.249273']
['Maria Pham', '36', '385 Lisa Roads Suite 840', 'New Jonathan', 'Tennessee', '03741', '-70.544170', '-61.7980625']
['Amber Yates', '44', '18757 James Lakes Suite 150', 'Murrayview', 'New York', '16642', '-38.623433', '1.5562335']
['Deanna Little', '31', '92063 Miranda Road Apt. 431', 'Heidichester', 'Oklahoma', '11714', '72.934802', '5.4492885']
['Karen David', '41', '79811 Guzman Points', 'Houstonport', 'New York', '68708', '-164.009955', '77.9942205']
['Stephanie Lewis', '26', '772 Ashley Shoal', 'Lake Stephanieport', 'Mississippi', '52872', '94.546967', '-1.8451405']
['Jay Walker', '36', '2401 Boyd Lakes Suite 074', 'West Janet', 'Nevada', '15183', '29.888252', '-34.587212']
['George Vaughn', '45', '39548 Michael Stravenue', 'Lake Saramouth', 'Rhode Island', '51948', '68.004378', '-59.407450']
['Lee White', '21', '955 James Trail Apt. 319', 'West Victoria', 'Alabama', '26241', '148.768341', '85.993900']
['Kayla Norris', '71', '317 Anderson Knolls Suite 724', 'Alexandrabury', 'Washington', '84666', '-55.926390', '-29.0406105']
['Caitlin Mercado', '74', '552 Joseph Via', 'West Angela', 'South Dakota', '94126', '29.240820', '79.3393595']
['Sara Bright', '35', '93205 Angela Stravenue Suite 194', 'Lake Karenview', 'Nebraska', '62571', '47.026509', '68.109928']
['John Myers', '43', '908 Gray Alley', 'Rodriguezburgh', 'Nebraska', '34745', '64.592249', '-35.8447685']
['Ashley Massey', '67', '820 Jacobs Flats Apt. 096', 'West Katelynburgh', 'West Virginia', '47424', '-114.476020', '60.129956']
['Cathy Bradley', '79', '9282 Hubbard Drives', 'Mendozahaven', 'West Virginia', '71036', '176.473562', '-46.5877315']
['Richard Martin', '48', '22754 Linda Lodge', 'Port Sharon', 'Wisconsin', '49224', '174.995651', '-87.054590']
['Brian Caldwell', '59', '464 Carrie Villages', 'New Brittany', 'Idaho', '82426', '147.108926', '76.801434']
['Katherine Brown', '44', '54781 Lisa Ridge Apt. 024', 'Maryberg', 'Virginia', '49378', '176.898896', '-78.0468395']
['Michael Johnston MD', '56', '074 James Heights', 'East Melissa', 'New Mexico', '84620', '31.804817', '-64.5267475']
['Robert Nichols', '33', '69488 Vasquez Springs', 'East Nicole', 'Missouri', '56517', '102.033860', '-57.9864415']
['Sara Lyons', '73', '0526 Owens Cliffs Suite 736', 'New Adam', 'Connecticut', '01078', '166.501199', '53.0560895']
['Steven Woods', '76', '5064 Corey Bridge', 'New Robert', 'Idaho', '70681', '94.967187', '18.113464']
['Jennifer Fisher', '49', '911 Jordan Ridge Suite 075', 'Lake Ashleyfurt', 'Hawaii', '43852', '-77.231406', '71.849830']
['Charles Powell', '61', '1144 Leblanc Junction Apt. 821', 'West Wesley', 'Illinois', '11691', '-148.741075', '77.0149255']
['Allison Lewis', '41', '0776 Ross Rapid Apt. 430', 'New Jamie', 'New Mexico', '94072', '38.811981', '-14.549531']
['Karen Johnson', '22', '6173 Anne Rest Suite 705', 'Hallbury', 'Rhode Island', '08557', '-170.068284', '-31.2505705']
['Susan Montgomery', '24', '07614 Roberson Park', 'Deantown', 'New York', '77814', '-135.886405', '-27.5078425']
['Suzanne Scott', '22', '54927 Williams Land', 'West Kirsten', 'Nebraska', '66147', '-65.442116', '-56.641915']
['Cynthia Price', '78', '27798 Reeves Rapids Apt. 787', 'Port Jermainefort', 'Missouri', '87524', '43.790992', '-49.203681']
['Paula Jenkins', '34', '229 Ashley Overpass', 'Johnport', 'Louisiana', '47116', '-134.063724', '-66.284827']
['James Carter', '43', '3574 Laura Neck', 'Whitneybury', 'Maryland', '73218', '-124.852875', '-3.004394']
['Dakota Johns', '35', '4958 Ferguson Estate Apt. 028', 'Washingtonton', 'Virginia', '43020', '-38.787624', '5.6548105']
['Carol Hughes', '70', '1258 Laura Falls Apt. 082', 'Lake Destiny', 'Alaska', '32882', '-121.746395', '47.4608755']
['Michelle Guzman', '74', '040 Ashley Plain', 'East Gabriel', 'Mississippi', '63323', '136.243095', '-58.3616125']
['Morgan Heath', '44', '035 Edward Views Apt. 016', 'Andersonview', 'New Hampshire', '27516', '-26.058075', '58.475900']
['Chad Greer', '56', '6697 Mary Ways Apt. 961', 'New Whitneychester', 'Louisiana', '58670', '-178.186628', '21.021333']
['Matthew Mendoza', '59', '44424 Thomas Trail', 'Johnport', 'Maryland', '76879', '-49.449148', '-30.5279105']
['Destiny Walker', '76', '91687 Jonathan Walk Suite 875', 'Nobleland', 'Oklahoma', '12581', '175.026444', '-44.254079']
['Jessica Walker', '31', '0793 Turner Bypass Suite 304', 'South Douglas', 'South Dakota', '16482', '-104.909780', '-36.3776635']
['Carlos Hernandez', '39', '2331 Stephen Row Apt. 779', 'Valentineburgh', 'Rhode Island', '52079', '-137.133364', '33.741493']
['Brandon Ray', '35', '5103 Rush Fords', 'Thomasview', 'Florida', '00901', '-4.834870', '-27.737768']
['Natalie Welch', '71', '403 John Fords', 'East Christinechester', 'West Virginia', '09224', '-128.880642', '-37.795657']
['Gloria Campbell', '43', '7520 Harrison Isle', 'Jonesside', 'California', '54199', '31.391012', '44.935951']
['Brittney Espinoza', '30', '7839 Jasmine Gardens Apt. 310', 'Tammymouth', 'Rhode Island', '44194', '-29.007332', '63.104956']
['Nicholas Wood Jr.', '25', '06031 Mark Mall Apt. 329', 'South Brittanybury', 'New Mexico', '47920', '88.712185', '-78.1008325']
['Mary Woods', '66', '151 Cook Streets Apt. 292', 'South Cristian', 'Idaho', '45717', '174.165862', '57.482688']
['Kimberly Hernandez', '66', '7101 Williams Keys', 'Blackstad', 'Maryland', '21785', '83.657566', '-88.984462']
['Joseph Kelly', '64', '40843 Robinson Pine', 'Lake Brendastad', 'Ohio', '35144', '58.147403', '58.0792665']
['David Jones', '75', '302 Samuel Falls', 'South Christopher', 'Connecticut', '12227', '-4.003679', '0.9197985']
['Jason Reid', '36', '6853 Douglas Square', 'East Jeffreyfurt', 'Mississippi', '33526', '-96.599323', '27.970212']
['Austin Ramos', '56', '523 Kelly Circles', 'Port Juliaton', 'Alabama', '50677', '122.757386', '-70.6877995']
['Joshua Wright', '52', '8041 Welch Avenue', 'East Cynthiastad', 'New Jersey', '96648', '-74.401878', '-19.106831']
['Amanda Jacobs', '61', '286 Leonard Wells', 'South Rubenbury', 'Vermont', '34860', '53.335589', '50.689868']
['Tonya Foster', '48', '84711 Michael Point Apt. 551', 'New Michelleshire', 'Maryland', '48061', '26.669060', '-82.168307']
['Brian Carrillo', '57', '0824 Jones Green', 'Lake Kristina', 'Washington', '49044', '-146.979017', '-82.1048215']
['Shane Patel', '31', '676 Johnson Lodge Suite 046', 'Bookertown', 'Mississippi', '78687', '148.474225', '30.8595425']
['Michael Nelson', '34', '1506 Kennedy Divide', 'Morenoborough', 'North Dakota', '83911', '53.304977', '30.081343']
['Diana Perry', '47', '95112 Hall Forks Suite 585', 'Scottview', 'Illinois', '47169', '-168.817362', '40.2319035']
['Charles Garcia', '77', '1961 Miles Summit', 'West Crystal', 'New York', '02704', '104.547594', '-46.505386']
['Bruce Vaughan', '41', '9620 Anderson Freeway', 'Port Joseph', 'Nebraska', '71270', '130.759312', '88.8507495']
['Laura Green', '19', '83706 Hawkins Pike Suite 057', 'West Sierrastad', 'Maryland', '01947', '39.550487', '10.334445']
['Ryan Fletcher', '30', '072 Nathaniel Rapids', 'North Shannon', 'South Dakota', '95096', '-68.778417', '29.5621155']
['Anna Fleming', '28', '72651 Weaver Courts', 'South Lori', 'Illinois', '57447', '-75.297175', '38.8984265']
['Arthur Lee', '51', '125 Moore Ranch Suite 592', 'Rickyville', 'Tennessee', '01625', '-171.152321', '-55.7232435']
['Alisha French', '25', '0337 Benjamin Ridge', 'Kellyside', 'Alabama', '38908', '-82.146079', '41.234254']
['Yolanda Williams', '32', '63304 Stacey Turnpike', 'East John', 'Mississippi', '21177', '-74.197606', '7.1683185']
['Edwin Haynes', '53', '6007 Zimmerman Burg Apt. 550', 'Lake Jessestad', 'Wisconsin', '46806', '-9.533465', '-25.1405055']
['Bryan Velazquez', '41', '02686 Woods Course Apt. 914', 'Brendanborough', 'Alabama', '14940', '46.614836', '41.937652']
['Alisha Bautista', '43', '1705 Hanson Turnpike Suite 790', 'Hooverfort', 'Connecticut', '93730', '-156.739064', '-31.2124035']
['Alexander Cook', '41', '4099 Medina Road Suite 371', 'South Catherine', 'Vermont', '75957', '-141.628797', '-82.384937']
['Mary Thompson', '35', '573 Ramos Tunnel', 'Angelchester', 'Maryland', '08157', '-68.870082', '33.493483']
['Henry Jones', '25', '115 Williams Camp', 'Osborneshire', 'Illinois', '69647', '118.932304', '-53.926683']
['Chelsea James', '55', '06081 Santiago Brook Apt. 170', 'Blairbury', 'Oklahoma', '29062', '-26.788592', '-56.6675635']
['Kaitlin Bell', '71', '079 Ruiz Lodge Apt. 149', 'Torresmouth', 'Tennessee', '81249', '35.983976', '-71.3029465']
['Brandon Ford', '21', '607 Daniel Alley', 'New Lauren', 'New Jersey', '28699', '88.941074', '76.6420615']
['Sharon Powell', '52', '960 Wilkinson Brook', 'Lake Saraland', 'Arkansas', '43495', '58.630539', '33.0952465']
['George Mclaughlin', '63', '732 Ashley Rue Apt. 103', 'Susanshire', 'Alabama', '90327', '153.813922', '-89.4744285']
['Joseph Marquez', '79', '31011 Patterson Terrace Suite 554', 'Port Joel', 'Louisiana', '19422', '-94.347680', '10.667271']
['Thomas Oliver', '70', '584 Michael Green Apt. 106', 'East Richard', 'South Dakota', '73692', '60.695642', '61.6466665']
['Cindy Fernandez', '53', '09859 James Wall', 'South Markside', 'West Virginia', '94049', '72.624445', '-87.274810']
['Angela Douglas', '74', '09268 Reyes Fort', 'Cranehaven', 'Ohio', '17163', '93.638183', '-8.632660']
['Mark Brown', '65', '841 Amy Mission', 'New Glenn', 'New Hampshire', '02891', '93.429012', '-26.773409']
['Michelle Patel', '48', '72162 Carrillo Pine Apt. 273', 'Hickschester', 'Washington', '68901', '-29.164087', '-44.2544795']
['Michael James', '49', '3507 Chan Ports Suite 280', 'East Ryan', 'Maine', '37895', '-177.868260', '-82.482843']
['Andrea Wilson', '77', '8618 Lisa Green Apt. 631', 'Biancabury', 'Rhode Island', '24704', '-75.773329', '17.152052']
['Vanessa Guerrero', '33', '5981 Scott Valleys Apt. 804', 'North Jose', 'Louisiana', '50786', '-95.290275', '-18.849583']
['Jennifer Barrett', '39', '6619 Miller Expressway', 'North Christopherland', 'Tennessee', '99615', '8.494586', '-10.991647']
['Jennifer Flores', '26', '548 Douglas Roads', 'Jakestad', 'Maryland', '29960', '-5.072507', '-87.296977']
['Denise Harding', '77', '73989 Pitts Isle Apt. 395', 'Port Ericabury', 'Rhode Island', '18828', '143.716385', '12.214372']
['Cassandra Tate DVM', '77', '3994 Lori Plains Apt. 397', 'Aguilarborough', 'California', '23605', '-57.151750', '-89.197582']
['Austin Williams', '22', '4373 Mark Lodge', 'Butlershire', 'Nevada', '63983', '-129.992514', '1.8528695']
['Kevin Reed', '40', '3458 Lopez Rapid', 'South Richard', 'New Jersey', '42457', '16.106039', '-33.536913']
['Mckenzie Zamora', '57', '69370 Kevin Hills Suite 719', 'Kimberlyland', 'Nebraska', '44425', '-45.756296', '-72.5926565']
['Vicki Valentine', '60', '6669 Hunt Mews', 'Murrayville', 'Kansas', '72874', '-0.964899', '9.302016']
['Michelle Andrews', '58', '6503 Melissa Extensions Suite 368', 'South Jason', 'North Dakota', '55065', '-148.418236', '68.129798']
['Ruth Smith', '77', '11902 Kelly Plain', 'Anthonytown', 'California', '59789', '-110.546998', '-50.649564']
['Seth Simpson', '64', '161 Johnson Mews Suite 909', 'Lake Vincentchester', 'New Jersey', '00845', '-169.169586', '50.1936345']
['Christopher Collier', '27', '828 Wood Street Suite 112', 'North Williamside', 'Vermont', '03328', '-66.084059', '83.510298']
['Erin Cruz', '77', '53510 Jenna Estates Suite 441', 'Fischermouth', 'Tennessee', '69024', '-111.097263', '-75.985999']
['Brandon Garcia', '33', '358 Johnson Fields Suite 341', 'Rachelton', 'Arkansas', '07244', '-114.456055', '24.390170']
['Elizabeth Bridges', '53', '90013 Bowman Trafficway Suite 114', 'West Mary', 'Oklahoma', '14893', '-8.828222', '66.334644']
['Roberto Kelly', '51', '7904 Nicole Motorway Apt. 903', 'Lake Kristaport', 'Hawaii', '96507', '112.552682', '-49.642809']
['Kyle Hill', '36', '6045 Christopher Point', 'Jaclynshire', 'Arkansas', '99435', '-54.901173', '25.7487635']
['Jason Rose', '66', '2291 Manuel Well Suite 785', 'North Cheryl', 'Alaska', '68941', '-5.944876', '37.328250']
['Darlene Miller', '28', '5924 Traci Highway', 'Williamsfort', 'Arkansas', '42522', '175.917533', '56.8220375']
['Philip Wu', '21', '7233 Sarah Harbors Suite 436', 'Jamesmouth', 'Vermont', '94660', '-71.908695', '-60.3046555']
['Dana Hunt', '38', '70285 David Village', 'Yuport', 'New York', '32172', '135.712892', '-67.7862845']
['Craig Gibbs', '32', '4078 Christopher Squares', 'South Roseport', 'Connecticut', '30334', '103.649523', '35.884487']
['Christina Gutierrez', '34', '467 James Extensions', 'Joannachester', 'Florida', '45346', '80.624126', '87.812661']
['Kenneth Young', '24', '25317 Brenda Curve Apt. 822', 'South Lisafort', 'Washington', '76499', '56.336112', '78.305681']
['Michael Miller', '50', '733 Cheyenne Plains Apt. 194', 'North Sean', 'Tennessee', '71204', '33.200781', '-6.6833745']
['Wayne Moore', '27', '33091 Hall Hills', 'New Andrewhaven', 'Maryland', '90596', '161.337808', '34.3022185']
['Kelly Thomas', '23', '599 Gerald Parks', 'East Kennethmouth', 'Illinois', '56501', '47.004368', '-55.1369045']
['Nicolas Williams', '51', '68528 Robert Meadows', 'West Deannaland', 'Illinois', '59670', '-162.750045', '48.597264']
['Linda Wilson', '50', '89017 Justin Avenue Suite 699', 'New Jamesborough', 'Wisconsin', '02613', '-83.096161', '-77.394017']
['Nicholas Wiggins', '74', '7502 Newton Circle', 'South Denisefurt', 'New Jersey', '46358', '-138.367447', '6.8975825']
['Christopher Jones', '64', '544 Keith Plains', 'South Bradleychester', 'Alabama', '38396', '24.512063', '4.117785']
['Traci Kelly', '46', '4529 Rebecca Neck', 'Kelseytown', 'Mississippi', '10314', '137.046393', '-82.0334885']
['Andrew Edwards', '71', '269 Carroll Cove Apt. 566', 'Marychester', 'West Virginia', '15903', '140.259840', '-49.1641225']
['Mark Taylor', '71', '917 Scott Junctions', 'Jessicaborough', 'Maryland', '43595', '47.411408', '-76.407537']
['Brad Jarvis', '74', '864 Ellis Parkway', 'Marthamouth', 'Mississippi', '19728', '-129.037366', '-71.460550']
['Gail Benitez', '45', '482 Crawford Courts', 'Lake Steven', 'New Hampshire', '17633', '-157.072158', '87.758458']
['Christopher Shelton', '59', '70270 Lyons Harbors', 'Grahamborough', 'New York', '56367', '113.497483', '-84.7901095']
['Bruce Larson', '62', '3441 Michael Neck', 'Anitaland', 'Tennessee', '67196', '151.239096', '14.4863195']
['Janice Valdez', '47', '3058 Davis Inlet Suite 299', 'East Dustin', 'West Virginia', '16035', '147.519977', '11.331486']
['Cynthia Jensen', '35', '64704 Yvonne Canyon Apt. 037', 'Andreastad', 'Maine', '22306', '-169.983087', '71.979266']
['Teresa Hickman', '34', '5000 Williams Wells Suite 774', 'Lake Sharonville', 'Ohio', '67086', '92.671143', '62.962726']
['Jose Walton', '51', '3721 Smith Dale', 'Robinfurt', 'Wisconsin', '06317', '83.219761', '85.0511385']
['Theresa Martin', '31', '888 Howard Groves', 'Aprilchester', 'Arkansas', '15906', '129.854125', '57.5006455']
['Courtney Smith', '35', '2039 James Camp', 'Esparzafurt', 'Vermont', '30057', '124.923626', '-43.261890']
['Thomas Gardner', '21', '09033 Daniel Highway Suite 391', 'Westmouth', 'South Dakota', '88716', '-3.033131', '-34.959733']
['Bonnie Brown', '25', '394 Butler Village', 'Port Kevin', 'Alaska', '37603', '-131.902297', '-33.5169655']
['James Garcia', '64', '543 Potts Light', 'Lisabury', 'Washington', '78289', '118.838973', '64.061643']
['Laura Carr', '68', '7127 Aaron Overpass Apt. 492', 'Alexanderview', 'Tennessee', '08105', '89.995979', '-52.304714']
['Kathleen Stephens', '21', '79082 Smith Brooks Apt. 714', 'Lake Alexandra', 'West Virginia', '06050', '-89.819206', '-7.8050705']
['William Valentine', '72', '7946 Smith Point', 'Jacobshire', 'Washington', '69932', '91.626094', '-14.588198']
['Michelle Bradley', '42', '45275 Ann Fort', 'North Jennifer', 'New Hampshire', '64587', '172.809452', '86.280268']
['Luis Rivera', '28', '169 Ford Stream', 'Smithhaven', 'North Dakota', '00792', '123.354797', '-57.3728965']
['Marvin Morales DVM', '54', '047 Stewart Camp Suite 004', 'Whitehaven', 'South Dakota', '78883', '42.302335', '33.047576']
['Chase Nguyen', '23', '42875 Steven Plain', 'Rebeccafurt', 'Virginia', '57347', '1.338469', '88.8614485']
['Larry Dominguez', '50', '065 Clarke Roads', 'Donaldbury', 'Vermont', '42072', '58.418924', '-4.477892']
['Caitlyn Myers', '37', '86789 Robin Heights', 'West Christinahaven', 'Florida', '23622', '-133.344248', '-12.0104065']
['Kyle Hobbs', '77', '63050 Joseph Canyon', 'Lake Joseph', 'West Virginia', '02452', '22.899724', '47.2282995']
['Rodney Gilbert', '49', '52653 Grant Highway Suite 803', 'Brendaville', 'Kansas', '95284', '-49.573998', '6.3706775']
['Melissa Nichols', '65', '44410 Rhonda Rapids', 'Crystalshire', 'Mississippi', '60069', '-71.479931', '27.1286635']
['Brandon Stewart', '37', '59705 Donna Pine', 'South Samantha', 'Maryland', '06183', '-1.571270', '-42.094615']
['Shane Mendoza', '61', '0995 Kristina Dale', 'Michaelbury', 'North Dakota', '54222', '-152.277304', '-58.490688']
['Elijah Phillips', '65', '5781 Craig Spring', 'Michelleville', 'Rhode Island', '14271', '137.784768', '-16.577761']
['Daniel Knox', '70', '86401 Jason Mills', 'Fergusonside', 'Maryland', '26424', '-67.837504', '-86.831612']
['Melody Miles', '55', '665 Munoz Burg Apt. 915', 'Stephensburgh', 'North Dakota', '58947', '-155.817353', '-10.754896']
['Elizabeth Boone', '58', '246 Ryan Burg', 'Lake Cassie', 'Tennessee', '84098', '-130.233581', '-11.770817']
['Ronald Jones', '77', '797 Mitchell Fort Apt. 904', 'Jenningsburgh', 'Arkansas', '44025', '-4.016236', '-30.913213']
['Chase Ramos', '23', '96265 Reyes Place', 'Jacobfurt', 'Connecticut', '91029', '-170.593754', '86.7681385']
['Xavier Garcia', '61', '35628 Rivera Square', 'Websterville', 'New Hampshire', '94842', '74.314179', '-6.051207']
['John Hunt', '29', '857 Andrea Union Apt. 519', 'Jennifershire', 'Rhode Island', '67244', '130.383060', '-51.048047']
['Barbara Wheeler', '63', '961 Garcia Fall Suite 320', 'Melissaland', 'Tennessee', '20222', '108.430437', '31.5939135']
['Heather Wu', '74', '380 Catherine Underpass Apt. 248', 'Lake Jessicaland', 'Oklahoma', '58031', '84.935687', '-36.509441']
['Neil Hansen', '40', '419 Park Tunnel', 'Lake Robert', 'Florida', '10453', '-9.242174', '75.9723185']
['Patrick Howell', '31', '209 Alexander Springs', 'Lopezfurt', 'North Dakota', '34285', '54.793479', '-24.163350']
['Dana Ryan', '52', '660 Jessica Orchard Suite 553', 'Hillside', 'Missouri', '28102', '146.842315', '81.960580']
['Julie Buchanan', '40', '883 Cox Well Suite 739', 'East Michael', 'Iowa', '81213', '-44.827826', '57.1980295']
['Jennifer Henry', '71', '6429 Keith Heights Suite 957', 'New Haroldside', 'New Jersey', '59539', '-95.790010', '-73.020063']
['Kathryn Noble', '62', '00900 Smith Avenue', 'Nicolechester', 'Kansas', '52009', '125.562382', '-5.602094']
['Tim Graham', '75', '350 Harris Oval', 'Clayfurt', 'Florida', '26036', '42.957833', '43.2570795']
['William Mercer', '38', '598 Rosales Plains Suite 557', 'Port Maxwellhaven', 'Wisconsin', '73007', '-164.743672', '59.451914']
['Megan Wilson', '68', '946 Young Courts Apt. 320', 'North Phillip', 'Hawaii', '84445', '70.507773', '-76.730522']
['Mrs. Lindsey White', '64', '813 Jones Views Suite 884', 'West Shelbytown', 'Mississippi', '21723', '-32.337020', '66.6177365']
['Teresa Phelps', '23', '994 Christopher Rapid', 'Solisview', 'Tennessee', '13139', '-122.461932', '-64.014272']
['Patricia Dillon', '29', '398 Courtney Crescent Apt. 043', 'New Tammymouth', 'New Jersey', '54594', '-146.112699', '-31.222006']
['Mrs. Paula Ramirez MD', '67', '309 Morgan Hills', 'New Vincent', 'Nebraska', '47718', '27.952544', '51.0954195']
['Elizabeth Archer', '58', '0022 Charles Loop Suite 027', 'Lawsonshire', 'New Jersey', '05026', '156.431649', '-74.7694615']
['Vickie Norman', '33', '049 Kathy Junctions', 'New Jamesfort', 'Alabama', '63426', '11.071509', '42.7211615']
['Abigail Acosta', '45', '141 Griffin Roads', 'West Angelamouth', 'Maryland', '63950', '95.660885', '33.253712']
['Jeffrey Ford', '39', '359 William Plain Apt. 493', 'Lake Deborah', 'Louisiana', '98154', '-137.039804', '-0.9935065']
['Kaitlyn Moody', '59', '479 Nelson Gateway Suite 698', 'Port Justin', 'Tennessee', '97959', '174.061138', '-39.857690']
['Mathew Fritz', '80', '66137 Brandon Highway Apt. 413', 'Lake John', 'Connecticut', '09256', '-122.352127', '-26.4926515']
['Lisa Bennett', '46', '644 Kimberly Corner Suite 994', 'Karenfort', 'Kansas', '52413', '-27.233346', '-34.021754']
['Mark Kennedy', '38', '61016 Dylan Isle', 'North Brianatown', 'Kansas', '91393', '-135.023047', '-75.4646115']
['Catherine Bentley', '29', '747 Debra Extensions Apt. 503', 'Codymouth', 'Florida', '31795', '-13.666626', '83.236917']
['Mark Roberts', '18', '3432 Aaron Union', 'Reginaldborough', 'Louisiana', '32796', '-23.825635', '-67.194085']
['Lydia Marshall', '29', '736 Sawyer Circles', 'Ramseyshire', 'New Jersey', '81026', '167.577984', '-79.006961']
['Rachel Morris MD', '47', '0043 Marcus Passage', 'New Paul', 'Maryland', '29363', '39.551934', '-64.5914465']
['Jacob Meza', '66', '6091 Smith Creek Apt. 351', 'South Jessicachester', 'Iowa', '14792', '-99.003113', '14.112517']
['David Jenkins', '67', '9511 Lara Plaza Apt. 511', 'Michelleville', 'Maine', '83565', '-45.509621', '-64.071974']
['Joshua Arnold', '80', '8044 Natalie Alley Apt. 826', 'New Christine', 'New Mexico', '08054', '-151.661708', '-67.260281']
['William Sullivan', '60', '9348 Candice Fords', 'Barbermouth', 'Alaska', '44272', '36.525685', '26.0892865']
['Anthony Roberts', '69', '0023 Elizabeth Overpass Suite 462', 'Normanshire', 'Iowa', '42031', '47.184330', '-1.106588']
['Christopher Lee', '72', '4562 Chapman Hills', 'Hollandhaven', 'Nevada', '80778', '167.975250', '16.0859875']
['James Davidson', '76', '15311 Cheryl View Suite 220', 'West Lindsay', 'Ohio', '59638', '145.292888', '-79.515458']
['Crystal Gibson', '69', '2024 Randy Forge Suite 899', 'North Veronica', 'Iowa', '03242', '-132.235299', '86.8185465']
['Rebecca Stewart', '49', '7641 Wiggins Ford Suite 072', 'East Nathan', 'Connecticut', '56093', '116.568144', '-71.860166']
['Ronnie Allison', '66', '64099 Emily Stream', 'Ashleyville', 'Oklahoma', '05101', '-57.338167', '-6.990869']
['Alexandra Anderson', '60', '82645 Sims Square', 'East Brianburgh', 'Oklahoma', '51143', '-85.740993', '4.134867']
['Kelly Cummings', '71', '121 Thomas Stream', 'South Alfredport', 'Arkansas', '92747', '-48.839549', '14.5693705']
['Joshua Wiley', '69', '49566 Harris Plaza', 'Moniqueside', 'North Dakota', '08581', '99.903246', '-18.217838']
['Kyle Wyatt', '75', '7934 Elliott Underpass Suite 779', 'East Chris', 'Missouri', '83130', '-118.822202', '-44.0065485']
['Miguel Larsen', '28', '792 Kelly Spring', 'East Heiditon', 'New Jersey', '20801', '144.664251', '82.3808255']
['Robin Walsh', '19', '2879 Edwards Streets', 'North Emilyside', 'Alabama', '80420', '35.461231', '61.8100875']
['Kelly Doyle', '43', '6726 Larsen River', 'Patriciaton', 'Florida', '88981', '-73.732523', '3.940498']
['Russell York', '46', '521 Sydney Lights', 'South Autumn', 'Oklahoma', '92428', '157.215198', '6.3909145']
['Maria Ramos', '32', '728 Tony Walk Suite 101', 'Cartermouth', 'West Virginia', '04831', '-176.265662', '-77.1574225']
['Kristen Frey', '47', '4247 Allen Ways Suite 099', 'Charleschester', 'Connecticut', '69943', '-141.884884', '-49.602451']
['Zachary Webb', '24', '186 Erica Track', 'Lake Scottton', 'Ohio', '26618', '104.499790', '21.6604005']
['Jason Rangel', '78', '420 Moreno Route Apt. 782', 'Port Michael', 'Maryland', '89828', '121.829050', '-31.3567945']
['Rebecca Horn', '71', '4284 Thomas Loaf Suite 647', 'Tracifort', 'Mississippi', '48731', '39.202589', '25.318869']
['George Brown', '52', '42073 Herrera Heights Suite 791', 'Cindyfurt', 'Nevada', '48062', '155.494639', '14.5568825']
['Maureen Lewis', '70', '653 Carlson Highway', 'East Kathleen', 'Ohio', '75895', '-4.541277', '8.5323555']
['Lawrence Ward', '79', '82190 Young Circle', 'Maynardfurt', 'California', '88558', '106.943588', '56.6778655']
['Jason Bailey', '26', '2698 Herring Underpass', 'Marieburgh', 'Idaho', '25179', '-53.634354', '-70.3898285']
['Jacob Daniel', '25', '6166 Torres Flat Apt. 132', 'West Jeremy', 'Nebraska', '33688', '164.862732', '84.688360']
['Thomas Stein', '22', '050 Amanda Creek Apt. 920', 'Rayland', 'South Dakota', '36867', '-101.661896', '-36.8489705']
['Lauren Nichols', '78', '1657 Jenny Place Suite 759', 'South Josemouth', 'Idaho', '48715', '-40.373186', '-32.0712965']
['William Smith', '30', '64284 William Street', 'East Michael', 'North Dakota', '06735', '-121.559253', '-57.564745']
['Teresa Mercer', '73', '6544 Ramos Burg Apt. 563', 'North Leahview', 'New Mexico', '37376', '-160.636317', '-0.0084405']
['Alejandro Newman', '38', '1684 Molly Square', 'West Cynthia', 'Iowa', '03296', '101.470019', '-76.1993105']
['Maureen Shaw', '19', '86883 White Hill', 'North Ericville', 'Connecticut', '29479', '31.732328', '-21.513467']
['Thomas Romero', '77', '37781 Walters Fords', 'Brownberg', 'Hawaii', '65185', '136.984871', '-6.850267']
['Lori Pearson', '22', '8499 Norris Field Suite 838', 'Williamburgh', 'Maine', '04917', '-51.382844', '-81.020367']
['Heather Brown', '49', '37303 Williamson Extensions Suite 949', 'Jacksonshire', 'Florida', '85219', '70.638732', '36.805349']
['Doris Johnson', '21', '826 Erica Estates', 'West Trevor', 'Iowa', '53736', '-105.404526', '-55.0425215']
['Jerome Allen', '63', '549 Barbara Knoll Apt. 722', 'East Taylorbury', 'North Dakota', '74923', '77.379164', '-40.1682135']
['Sean Frank', '59', '769 Jeffrey Underpass Suite 371', 'North Michael', 'West Virginia', '68960', '81.404456', '40.084425']
['Patrick Guerrero', '25', '65104 Jeffrey Centers Apt. 567', 'Port Leahland', 'Alaska', '55754', '-34.137156', '88.7608295']
['Sophia Khan', '51', '9420 James Mill', 'Markchester', 'Ohio', '44458', '154.159941', '-43.5175585']
['Timothy Moore', '44', '307 Janet Ferry Suite 527', 'Jeffreyfort', 'Nevada', '15581', '59.148254', '20.395488']
['Christy Mendoza', '39', '95194 Elizabeth Forest Suite 025', 'West Deanna', 'Connecticut', '14622', '-69.975467', '-38.9095475']
['Mrs. Diane Pitts', '38', '73261 Lisa Cliff', 'West Todd', 'Vermont', '69443', '133.932164', '-75.480797']
['Brenda Clayton', '60', '18911 Cox Meadow', 'New Bethville', 'Florida', '28060', '-55.129840', '79.602865']
['Chad Orr', '49', '438 Owens Neck Apt. 594', 'West Bradley', 'Louisiana', '03868', '128.488983', '4.4451855']
['Juan Mejia', '51', '038 Hernandez River Apt. 782', 'Rodgersbury', 'Nebraska', '08654', '-79.304858', '-29.7884475']
['Joseph Mccullough', '48', '04719 Thompson Hollow', 'Lake Nicholasland', 'South Dakota', '25216', '-99.119330', '-9.761421']
['James Newton', '43', '72084 Keith Ranch', 'West Davidberg', 'Mississippi', '07300', '63.260839', '-2.6696375']
['Jeremy Hill', '33', '26895 Jason Ferry', 'Hardyshire', 'Maine', '78345', '107.379291', '-31.472501']
['Marcus Soto', '50', '127 Orr Junction Suite 417', 'Onealburgh', 'New Hampshire', '68044', '-76.159609', '-36.3301645']
['Dean Miller', '58', '14653 Scott Mission Suite 488', 'Davidborough', 'Florida', '73160', '-95.841778', '12.305861']
['Shawn Medina', '28', '3779 Mark Oval Suite 314', 'Port Wendyville', 'Virginia', '13774', '11.908235', '-57.610376']
['Maurice Anderson', '79', '395 Rebecca Lights Suite 754', 'Port Justinport', 'Maryland', '99847', '28.297214', '-35.228010']
['Emily Eaton', '35', '32485 Brandon Cape', 'West Maryland', 'Missouri', '96816', '-101.886808', '32.7144335']
['Christopher Stephens', '45', '1081 Stephen Village Suite 778', 'Hannahville', 'Mississippi', '58824', '5.930115', '-12.7691475']
['Paul White', '64', '790 Jacobs Loop', 'Port Christian', 'Oklahoma', '49297', '-75.032034', '-80.863496']
['Abigail Walker', '30', '4638 Gillespie Squares', 'Marissafurt', 'West Virginia', '33677', '14.598775', '-55.789340']
['Monica Phillips', '20', '53485 Keith Walks Apt. 109', 'Monicaside', 'New Hampshire', '42107', '-95.892004', '70.635015']
['Antonio Watkins', '75', '34428 Misty Fords', 'Alimouth', 'Rhode Island', '98639', '-45.724840', '-44.1663905']
['Andrew Fuller', '59', '0169 Christopher Ways', 'Alexanderville', 'Oklahoma', '62712', '131.679891', '-5.905123']
['Michael Salinas', '36', '5461 Emily Spur', 'Jasonfurt', 'Oklahoma', '97841', '-4.387510', '-71.8573065']
['Mary Mills', '65', '0642 Fitzgerald Ramp', 'East Heidichester', 'Idaho', '25028', '-74.827759', '45.7944385']
['Kenneth Hernandez DDS', '21', '390 Duran Shoals', 'Martinview', 'Iowa', '06215', '87.556813', '50.774184']
['Robert Reid', '71', '842 Michael Coves', 'East Jamesport', 'West Virginia', '06087', '-7.075161', '15.7352505']
['Erik Franklin', '43', '7390 Christopher Landing Suite 859', 'Lake Justin', 'Iowa', '93900', '109.431330', '-44.3136985']
['Steven Murphy', '47', '541 Valdez Hill', 'Simsmouth', 'Maryland', '29195', '10.893869', '-54.892554']
['Ashley Young', '65', '93845 Maxwell Ridges', 'Crossville', 'Virginia', '14322', '-179.118863', '87.081446']
['Jacqueline Washington', '59', '9545 Eric Parkway Suite 219', 'Aliciaborough', 'Alaska', '32063', '-121.800112', '77.141113']
['Keith Ball', '42', '9465 Rick Tunnel', 'Jeanland', 'North Dakota', '66902', '159.882379', '-4.124856']
['Erik Robertson', '34', '6608 John Locks', 'North Ericaburgh', 'Florida', '66527', '90.542125', '2.328474']
['David Brown', '38', '887 Lee Cape Suite 380', 'Lake Cynthiaborough', 'Connecticut', '72032', '-139.663264', '7.234484']
['Benjamin Miller', '31', '38610 Diana Squares Apt. 790', 'Nicoleview', 'Oklahoma', '91705', '-43.943230', '-46.1577835']
['Holly Smith', '60', '2444 Dunlap Squares', 'South Kevin', 'Wisconsin', '45147', '-104.002739', '-42.6014255']
['Patrick Montgomery', '39', '12042 Arnold Oval Apt. 003', 'Paulhaven', 'North Dakota', '48599', '103.705413', '9.1047185']
['Connor Gordon', '63', '622 Case Mountains', 'Johnside', 'West Virginia', '58274', '34.265637', '0.7096805']
['Courtney Hamilton', '60', '714 Griffin Pass', 'Kruegerport', 'Nebraska', '52409', '-169.770839', '-73.4789595']
['Kristina Bennett', '59', '536 Cristina Circles', 'East Brandon', 'Nevada', '39178', '139.613693', '1.508642']
['Maria Powell', '62', '70230 Jefferson Green Apt. 505', 'Lake Brianna', 'Iowa', '86756', '127.351071', '-3.0354445']
['Gregory Frank', '37', '77821 Michael Mall Suite 255', 'North Johnborough', 'Vermont', '68691', '-9.175935', '5.3226305']
['Stephanie Lewis', '77', '566 Jessica Lights', 'Lake Richard', 'Rhode Island', '36448', '166.905955', '-61.8325755']
['John Graves', '33', '9088 Johnson Extension', 'East Stephanie', 'California', '81318', '-25.681807', '-51.1470995']
['Dylan Riddle', '68', '929 Hopkins Plain', 'Allenville', 'California', '31786', '58.737640', '-35.574537']
['Brenda Mcintyre MD', '37', '29695 Jonathan Turnpike Suite 862', 'Christopherfurt', 'New Hampshire', '74487', '178.468157', '73.693848']
['Tiffany Hammond', '24', '610 Jennifer Grove Apt. 552', 'Martinside', 'Rhode Island', '97445', '-48.729827', '-56.594839']
['Austin Bailey', '60', '49198 Judy Stravenue Suite 529', 'Gonzaleshaven', 'Virginia', '80156', '-131.177666', '-41.618640']
['Michael Williams', '80', '83763 Mark Green', 'Amyhaven', 'North Dakota', '20296', '78.627711', '-29.052426']
['Susan Stokes', '25', '74627 Davis Road Suite 634', 'Mollyport', 'Arkansas', '79639', '-142.620659', '-51.4940785']
['Nathaniel Collins', '53', '8148 Anthony Station', 'New Michael', 'Rhode Island', '08730', '-176.621127', '6.1211095']
['Christopher May', '27', '659 Webster Burgs', 'Millerburgh', 'New Hampshire', '73657', '-123.133932', '-36.481436']
['Amanda Gibson', '61', '09155 Burton Passage', 'New Christine', 'West Virginia', '28814', '80.275248', '-72.1643735']
['Joshua Santana', '43', '60652 Douglas Island', 'Simpsonbury', 'West Virginia', '08457', '-115.199860', '8.9521415']
['Renee Carter', '52', '1339 Mclaughlin Underpass Suite 324', 'North Jose', 'South Dakota', '17731', '123.398053', '34.033760']
['Anna Reed', '46', '778 Matthew Centers', 'Lisamouth', 'Florida', '42930', '177.210239', '-62.691189']
['Erin Hughes', '29', '3557 Melinda Inlet Apt. 520', 'Gutierrezfort', 'Oklahoma', '46917', '-107.139027', '8.996500']
['Kimberly Simmons', '50', '09597 Bennett Knoll Suite 670', 'Alvarezland', 'Nevada', '53726', '47.878732', '43.632267']
['Joshua Joseph', '69', '7076 Thomas Isle Suite 873', 'South Autumnburgh', 'Tennessee', '30638', '55.226434', '-15.3326265']
['Isaac Silva', '45', '5638 Green Corners', 'South Cynthia', 'Washington', '30480', '-141.088940', '-4.752229']
['Denise Fletcher', '25', '62577 Stephanie Corner Suite 866', 'South Michaelland', 'Maine', '62050', '-131.564123', '75.688915']
['Michael Brennan', '28', '386 Stephanie Creek', 'Phillipsport', 'South Dakota', '23560', '-64.259806', '-37.022288']
['Eddie Anderson', '53', '29452 Brandy Estate Apt. 333', 'Woodsmouth', 'Virginia', '07592', '115.144444', '23.936091']
['Kirk Hansen', '42', '78176 Callahan Drives Suite 459', 'Lake Jamesport', 'California', '17259', '4.747861', '14.297116']
['Ethan Wright', '51', '6979 Boone Lodge Suite 060', 'Port Anthonychester', 'Oklahoma', '23442', '-101.530997', '88.270652']
['Lisa Greene', '46', '4459 Brian Pine Apt. 521', 'Allenchester', 'Vermont', '27772', '111.271623', '-16.838215']
['Gregory Miller', '29', '81711 Mendez Meadows Apt. 071', 'Lake Haleymouth', 'Alaska', '04621', '55.382034', '-80.101258']
['Karen Rodriguez', '44', '32537 Quinn Mews Apt. 786', 'West Patriciaport', 'Kansas', '94290', '145.931178', '18.8079555']
['John Pearson', '29', '261 Welch Forest Suite 241', 'Libury', 'Ohio', '06724', '113.001996', '34.643484']
['Alexis Cunningham', '62', '4273 Olson Circle', 'West Saraburgh', 'New Mexico', '21726', '-1.680892', '-89.6583925']
['William Hayes', '29', '99584 Keith Flats Suite 702', 'Mendozafort', 'Illinois', '58956', '4.985560', '-56.706583']
['Caleb Kemp', '34', '256 Heather Key Suite 810', 'Townsendmouth', 'Washington', '83987', '60.414484', '43.554843']
['Helen Berry', '32', '981 Melody Circles Apt. 600', 'Lewistown', 'Maryland', '93818', '159.740109', '47.644472']
['Nathan Flores', '60', '57860 Wendy Loaf Suite 544', 'Port Megan', 'Hawaii', '53691', '47.223633', '29.5713905']
['Elizabeth Ramos', '20', '6652 Jennifer Island', 'New Christophermouth', 'Nebraska', '03738', '103.193759', '-17.009340']
['Crystal Bond', '20', '567 Wayne Corner', 'Tracyberg', 'Missouri', '12537', '146.018352', '74.481538']
['Justin Brewer', '43', '43605 Bryant Crest', 'Angelashire', 'Louisiana', '24902', '-11.994383', '-53.3610885']
['Melissa Martinez', '66', '6038 Phillips Estates', 'Chaseview', 'Nebraska', '15343', '52.556282', '46.6658515']
['Jose Fleming', '78', '289 Kelli Shores', 'North Benjamin', 'Vermont', '37825', '130.501841', '-78.6445785']
['Kurt Fernandez', '70', '74021 Scott Flat Suite 806', 'West Dylan', 'New York', '67104', '-147.689123', '19.244211']
['Andrew Andrews', '39', '558 Scott Place Apt. 989', 'Jeffreyview', 'Nebraska', '42223', '74.603740', '37.3214565']
['Miguel Lewis', '75', '9482 Alyssa Glens', 'West Nicholasfort', 'Hawaii', '28172', '-90.626394', '5.238488']
['Michelle Rodriguez', '80', '52392 Jill Pines Apt. 382', 'West Amandaport', 'Alabama', '09692', '148.411996', '68.4862535']
['Michael Marks', '46', '79370 Neal Bypass Apt. 618', 'Thomasfurt', 'Nevada', '25285', '-140.591418', '30.938346']
['Rebecca Bowers', '55', '201 Sarah Shore Suite 328', 'Lorifort', 'Nebraska', '86947', '136.549090', '59.6490245']
['Richard Davis', '69', '463 Lawrence Valleys', 'New Monica', 'Tennessee', '69414', '107.339265', '31.367856']
['Natalie Arroyo', '36', '35900 Tara Pike Suite 596', 'South Miguel', 'New Hampshire', '59760', '14.353570', '-43.825988']
['Kenneth Wallace', '65', '73898 Smith Prairie', 'New Edward', 'Virginia', '34955', '-116.117139', '14.131123']
['Dr. Elizabeth Randall', '60', '03727 Jenkins Locks Suite 351', 'Jessicamouth', 'Kansas', '29306', '-0.421344', '1.713427']
['Jerry Fox', '31', '9934 Jacob Rapid Apt. 409', 'East Sarah', 'Oklahoma', '10748', '-154.641295', '-32.2646335']
['Lauren Oneill', '62', '63297 Morris Ramp', 'Stevenville', 'Tennessee', '76729', '74.375753', '-56.1749185']
['Cindy Salazar', '76', '9967 Burton Spring Apt. 039', 'Maynardtown', 'New Hampshire', '55173', '144.052768', '-52.4838965']
['Blake Trevino', '42', '1206 Jennifer Streets Apt. 301', 'Williamborough', 'Nebraska', '03886', '-179.986348', '-75.1627775']
['William Torres', '44', '83190 Solomon Greens Suite 102', 'Rileymouth', 'California', '29909', '135.637560', '55.508236']
['Robert Long', '49', '773 Diaz View', 'Armstrongchester', 'New Hampshire', '55968', '121.962845', '70.7146705']
['Erin Rodriguez', '38', '288 David Stravenue Apt. 191', 'Shannonberg', 'Alabama', '41337', '38.176688', '-87.6726515']
['Kevin Ramirez', '34', '83319 Michael Cape Apt. 362', 'Floresfurt', 'Alabama', '92635', '-75.689370', '3.361339']
['Tami Jacobs', '70', '315 May Ferry', 'Lake Michaelfurt', 'Mississippi', '86447', '-69.037241', '53.9298325']
['Kelly Adkins', '76', '80332 Michele Squares', 'New Jeffreymouth', 'Oklahoma', '43592', '95.244673', '-9.251229']
['Eric Neal', '66', '7114 Andrew Roads Suite 117', 'Thomasland', 'Nebraska', '59746', '-60.605618', '-24.5367085']
['Robert Shah', '60', '30486 Church Court', 'East Suzannefort', 'North Dakota', '77231', '-45.495877', '4.492486']
['Derrick Hale', '37', '252 Kathryn Squares Suite 980', 'Pamelachester', 'New Mexico', '81859', '167.491012', '-78.670019']
['Cynthia Moreno', '61', '566 Tracy Manor Apt. 871', 'South Tiffany', 'Maine', '06479', '-51.668752', '-23.578458']
['Chris Soto', '55', '20822 Darius Vista Suite 383', 'Odonnellville', 'North Dakota', '50553', '3.555493', '-85.1093125']
['Dylan Lin', '67', '2080 Thompson Prairie Suite 331', 'Jamiestad', 'Missouri', '92588', '-29.152335', '-33.900891']
['Teresa Byrd', '49', '331 Moss Ferry Suite 750', 'Masseymouth', 'Tennessee', '53650', '129.219492', '70.6899705']
['Rebecca Jackson', '66', '02155 John Brook Suite 229', 'South Jillville', 'Rhode Island', '50554', '67.208972', '86.1579505']
['Barbara Bennett', '60', '22190 Harris Brooks Suite 380', 'North Teresaport', 'Mississippi', '56704', '122.211903', '55.570022']
['Melissa Collins', '48', '816 Reid Place', 'Port David', 'Nevada', '32908', '-34.188978', '49.020378']
['Thomas Fitzgerald', '47', '15689 Robinson Estates', 'North Darius', 'Alabama', '88975', '169.797542', '21.969576']
['Debra Russell', '26', '729 Cortez Shores', 'Jenniferborough', 'Mississippi', '80564', '80.166529', '-84.9944475']
['Melissa Reed', '26', '543 Strickland Drive Apt. 072', 'Morrismouth', 'Alabama', '80445', '-54.248676', '-28.5166635']
['Shawn Miles', '47', '373 Lee Oval', 'Lake Rebeccachester', 'Washington', '83046', '29.052461', '-16.7310345']
['Michele Hardy', '22', '85044 Megan Haven', 'Feliciabury', 'New York', '86520', '59.299836', '-76.4076915']
['Susan Fuller', '46', '22190 Andrews Mountain Suite 939', 'Hendersontown', 'Nebraska', '65195', '30.441108', '-34.4832365']
['Elizabeth Francis', '59', '29717 Curry Plaza', 'Sloanbury', 'Nebraska', '94634', '-77.468443', '-16.4717445']
['Christine Medina', '64', '4335 Mary Forges Apt. 379', 'South Bryan', 'Virginia', '38013', '91.937495', '39.0000155']
['Ann Johnson', '41', '475 Stewart Street', 'North Jonberg', 'Connecticut', '57598', '13.939763', '20.0454015']
['Samantha Carter', '67', '098 Virginia Manors', 'Garciaborough', 'Louisiana', '80505', '-139.019468', '69.552499']
['Nathaniel Glover', '20', '521 Wilson Landing', 'Herringside', 'New Mexico', '62671', '9.885030', '-44.159183']
['Mr. Paul Colon', '37', '242 Smith Glen Suite 579', 'Jonesland', 'Oklahoma', '33946', '178.366962', '-14.295291']
['Scott Thomas', '50', '36538 Deleon Mill Suite 513', 'Johnsonhaven', 'California', '03168', '18.506386', '35.1735405']
['Jeffrey Beltran', '39', '404 Williams Tunnel', 'South Donnashire', 'Ohio', '72189', '23.248325', '43.2231615']
['Joseph Chapman', '54', '054 Garcia Roads Apt. 254', 'West Anthony', 'Washington', '02998', '-101.265675', '-54.359003']
['Alexander Jones', '30', '3098 Christine Well', 'Port Deniseburgh', 'Connecticut', '28973', '-136.100920', '-66.974490']
['Robert Williams', '73', '88868 Vanessa Radial Apt. 567', 'West Larryton', 'Illinois', '88266', '-134.788802', '-19.4800155']
['Troy Byrd', '70', '86225 Peterson Manor Suite 059', 'Stephanieborough', 'Washington', '93056', '82.359137', '-38.9061985']
['Don Walter', '76', '675 Joshua Throughway', 'Wendyland', 'New Jersey', '01339', '127.142503', '68.9026835']
['Eric Robinson MD', '55', '0377 Nelson Club', 'Lake Katieborough', 'Nevada', '10349', '-31.462223', '-77.911494']
['Jessica Lopez', '45', '1622 Cooper Plains', 'Pottsland', 'Washington', '88917', '-140.328753', '14.173966']
['Rebecca Myers', '21', '49363 Allison Heights', 'East Sarahaven', 'Missouri', '63885', '6.619739', '-45.3889855']
['Scott Graham', '26', '5951 Robert Path Apt. 766', 'West Daniel', 'Kansas', '15069', '67.110995', '-28.9828695']
['Thomas Davis', '58', '53878 Johnson Roads', 'Lukeport', 'Rhode Island', '69459', '-37.943193', '-62.118557']
['Robert Page', '33', '869 Santiago Ports Apt. 639', 'Rivasside', 'Arkansas', '56780', '-85.152627', '-54.5268945']
['Jennifer Johnston', '27', '53147 Hughes Park Apt. 227', 'Lake Donnaside', 'Vermont', '32554', '174.560926', '-82.499834']
['Ryan Washington', '58', '2814 Cunningham Estates Apt. 508', 'Wallaceville', 'Alaska', '87327', '-127.649694', '66.5302425']
['Jessica Velasquez', '79', '01963 George Ridge', 'Deanshire', 'Mississippi', '14194', '-79.736612', '75.9933875']
['Travis Anderson', '63', '2008 Mary Rapids', 'Lake Christinemouth', 'New Hampshire', '89545', '-176.462287', '-31.849399']
['Thomas Jacobs', '79', '6340 Cooper Vista Apt. 755', 'South Kaitlin', 'Rhode Island', '02431', '167.120148', '69.306434']
['Julie Schwartz', '50', '545 David Bridge Suite 017', 'Blackburnhaven', 'South Dakota', '68303', '34.181676', '46.736393']
['Robert Duran', '58', '625 Jarvis Fords Suite 516', 'West Jamestown', 'Virginia', '37329', '-90.544291', '-66.1066795']
['Tammy Rodriguez', '76', '97496 Patterson Rapids', 'North Theodore', 'Tennessee', '88829', '2.754919', '-21.6713905']
['Shannon Mejia', '21', '088 Norris Brook', 'New Christopherhaven', 'New Jersey', '64222', '-133.661988', '32.9696465']
['Angela Harris', '50', '4574 Brooks Court', 'Barbaraberg', 'New Hampshire', '16536', '65.115777', '62.447928']
['Laura Thomas', '44', '9682 Christopher Ridge Apt. 355', 'South Derek', 'California', '06170', '-29.768384', '-47.5448965']
['Dr. Audrey Buck', '24', '54932 Steve Prairie Apt. 654', 'Sandershaven', 'Iowa', '85741', '20.196949', '16.1723955']
['Victoria Hester', '76', '79870 Carter Neck', 'Wrightside', 'Missouri', '66071', '169.992509', '84.5750935']
['Seth Lamb', '19', '233 Werner Stream', 'Claudiashire', 'Idaho', '88623', '158.093712', '-14.955326']
['Andrew Anderson', '48', '2684 Little Mill Apt. 280', 'Jamesborough', 'Arkansas', '64350', '159.647237', '46.170870']
['Catherine Hunt', '68', '13413 Michelle Flat Apt. 308', 'Danamouth', 'Nevada', '97940', '-175.916326', '11.3437305']
['Paul Wang', '79', '7797 Bailey Mission Apt. 416', 'Port Sara', 'Illinois', '07577', '54.012417', '2.583379']
['Thomas Arnold MD', '67', '99419 Cody Burgs', 'Lake Nathanport', 'Rhode Island', '97853', '-154.576440', '54.707729']
['Kevin Braun', '18', '2703 Smith Crescent', 'West Jasonview', 'Wisconsin', '38743', '34.583174', '-14.348388']
['Alicia Walters', '75', '7021 Cindy Mill Apt. 591', 'Garciaside', 'Alabama', '55809', '-139.673840', '-34.514282']
['Ronald Peterson', '64', '74914 Price Parkway', 'Joshuahaven', 'New Jersey', '17385', '-51.111069', '-33.559042']
['Jasmine Collins', '68', '326 Malone Trail', 'Johnbury', 'Hawaii', '47893', '59.734398', '80.2820055']
['Allison Benjamin', '51', '417 Cannon Forks', 'Peterfurt', 'Vermont', '44479', '17.300442', '28.8966145']
['Anna Strickland', '19', '92262 Herrera Viaduct Suite 441', 'Port Lindsey', 'West Virginia', '81584', '139.985635', '33.5115375']
['Samantha Jones', '58', '76309 Samuel Harbor Suite 552', 'Port David', 'Missouri', '20108', '-53.928665', '25.282299']
['James Williams', '70', '851 Juan Pass Suite 322', 'East Ashleyland', 'Mississippi', '10930', '20.019195', '-61.992346']
['Robert Holland', '45', '936 Johnson Cliffs', 'Port Jamesland', 'North Dakota', '30549', '111.436263', '40.840079']
['Kristen Beck', '45', '2278 Taylor Valley', 'East Calvinville', 'Virginia', '42028', '-76.405381', '-0.4194865']
['Kristen Miller', '24', '51390 Chapman Lake Suite 961', 'South Peterbury', 'New Hampshire', '28631', '51.700647', '-74.0297855']
['Jessica Torres', '55', '76813 Parrish Run', 'Lake Deborahshire', 'North Dakota', '17233', '160.713490', '-50.4039155']
['Gabrielle Fisher', '51', '7862 Shah Shoal', 'Padillaside', 'Rhode Island', '22186', '162.879236', '-64.7299445']
['Gene Lin', '47', '737 Hannah Brooks Apt. 264', 'East Nina', 'New Jersey', '30251', '-65.282128', '-62.387347']
['Angela Hall', '25', '94225 Tracey Way', 'West Jacobhaven', 'Wisconsin', '13461', '100.004280', '26.7294195']
['John Rodriguez', '52', '201 Brooks Burg Suite 969', 'Brendaville', 'Illinois', '79592', '-95.032586', '-29.9902985']
['Daniel Robbins', '70', '92452 Harris Green Suite 709', 'North Robertland', 'Virginia', '90782', '107.605587', '35.049607']
['Kenneth Smith', '35', '62556 Smith Roads', 'Jacquelinemouth', 'New Mexico', '99485', '73.960830', '-73.293322']
['Karen Peterson', '38', '5748 Kristopher Shore Suite 747', 'Murraystad', 'Nevada', '68707', '-105.707040', '-3.5867775']
['Valerie Stevenson', '57', '5703 Danielle Lakes', 'West Kathleen', 'Alabama', '49091', '-132.367167', '-62.3380055']
['Tina Patel', '79', '470 Graham Bypass Apt. 967', 'Danielchester', 'Washington', '35446', '26.921526', '76.283808']
['Troy Price', '25', '27703 Cynthia Corners Suite 078', 'Jamesstad', 'Mississippi', '10213', '0.871182', '30.2907625']
['David Hodges', '30', '464 Cynthia Loop Suite 079', 'Mcmillanfort', 'Washington', '46199', '164.170763', '-52.2026815']
['Caroline Brady', '38', '919 Nicholas Trail Suite 724', 'Sullivanview', 'Wisconsin', '37513', '98.758601', '24.4934555']
['Scott Luna MD', '76', '1322 Roth Island', 'Grayfurt', 'Oklahoma', '14062', '-10.587030', '-74.743046']
['Deborah Ingram', '51', '187 Carol Avenue', 'Matthewshire', 'Oklahoma', '09254', '-106.032679', '-64.577534']
['Tamara Higgins', '78', '360 Hoffman Spur', 'Port Kathyfurt', 'Illinois', '60082', '113.795074', '-26.622324']
['Marcus Hall', '75', '13331 Barbara Greens', 'New Andrew', 'Florida', '75855', '-104.220979', '-3.249308']
['Jennifer Haney', '26', '10243 Jonathan Island Apt. 572', 'Bryanhaven', 'Ohio', '72243', '89.360805', '15.767905']
['Luke Frank', '48', '0629 Price Shores Apt. 677', 'Cortezberg', 'Wisconsin', '25334', '113.619675', '19.8604695']
['Samantha Walker', '22', '891 Lisa Port', 'Ricardofort', 'New Jersey', '43209', '-12.362722', '-69.3250045']
['Danielle Perez', '62', '28534 Katie Forest Apt. 304', 'Christophermouth', 'Oklahoma', '23795', '-23.832007', '69.0943015']
['Karla Young', '23', '89329 Torres Streets', 'East Curtishaven', 'Virginia', '03553', '9.041022', '88.4030435']
['Stephanie Oliver', '24', '380 Meyer Lock Suite 575', 'South Summerstad', 'Alaska', '57111', '12.409425', '37.086932']
['John Wilson', '69', '2322 Crystal Via', 'Kristenchester', 'Ohio', '11092', '8.911312', '3.335282']
['Allison Roman', '49', '011 Robbins Mission Apt. 355', 'East Nicholas', 'Vermont', '78326', '143.488653', '-30.687555']
['Michael Moore', '33', '382 Briggs Shores Suite 358', 'North Abigailfurt', 'New York', '32589', '118.637446', '63.7938575']
['Larry Baird', '70', '008 Kim Club', 'Hillborough', 'Kansas', '86921', '102.808392', '22.6306625']
['Troy Jordan', '25', '014 Hill Drive', 'New Jamesside', 'Idaho', '03916', '-53.809420', '-80.5703945']
['Cynthia Wilson', '23', '3376 Hendricks Circles', 'Justinview', 'Vermont', '54148', '5.806759', '44.1781135']
['Ross Mack', '32', '82677 Robert Greens Apt. 270', 'Coffeychester', 'Wisconsin', '20255', '-155.400749', '10.819834']
['Denise Nelson', '19', '70997 Villarreal Meadows Apt. 580', 'Meyerstad', 'Connecticut', '10442', '42.879265', '-51.325235']
['Marissa Wells', '77', '11014 Benson Key Suite 359', 'New Colleenstad', 'Mississippi', '95153', '-64.077774', '-7.623057']
['Suzanne Alvarez', '72', '0335 Edwards Burgs', 'Houseshire', 'Alaska', '03737', '90.149563', '-20.695534']
['Elizabeth Olson', '74', '26673 John Ferry Apt. 613', 'North Tara', 'Maine', '32618', '7.723969', '89.5793625']
['James Mitchell', '21', '440 Matthew Way', 'Mezamouth', 'Nebraska', '82942', '1.394914', '7.872129']
['Debra Drake', '47', '8139 Kevin Club Apt. 513', 'Tylerport', 'Idaho', '93972', '-20.626154', '69.6174015']
['Crystal Arias', '54', '34086 Theresa Light', 'Jonborough', 'Oklahoma', '45339', '-176.999704', '29.592142']
['Larry Sheppard', '32', '91691 Jefferson Vista Suite 014', 'East Mistymouth', 'North Dakota', '16007', '-47.199894', '-66.003474']
['Jordan Griffith', '44', '60496 Frazier Street', 'West Scottshire', 'Washington', '22278', '175.763615', '40.2364655']
['Brian Davis', '47', '52572 Amy Loop', 'West Tarahaven', 'Maine', '80684', '166.750079', '-56.018997']
['Amber Martinez', '19', '8194 James Summit Suite 111', 'North Jacquelinefort', 'Connecticut', '95366', '-58.274843', '-44.965309']
['David Hughes', '31', '531 Theodore Pass Suite 600', 'Michellestad', 'Maine', '76569', '128.280233', '86.6414955']
['Ashley Johnson', '60', '5988 Nicole Mountain Suite 187', 'South Ashleyhaven', 'Washington', '31117', '-150.221093', '-38.747693']
['Joshua Stewart', '30', '8478 Dixon Ports', 'Smithhaven', 'Alaska', '07822', '106.547491', '-82.042151']
['Kayla Dudley', '70', '82845 Lawrence Brook Apt. 233', 'Amyton', 'Rhode Island', '64618', '168.745315', '-7.6631045']
['Jennifer Vega', '60', '76481 Nguyen Tunnel Apt. 913', 'Jenniferchester', 'Tennessee', '08562', '139.806190', '8.6127785']
['Justin Roberson', '18', '26584 William View Apt. 441', 'Marshallfurt', 'Idaho', '72746', '-50.294874', '-48.640335']
['Casey Johnson', '69', '20795 Gates Fords Apt. 545', 'North Jesseton', 'Connecticut', '10242', '118.292366', '-63.594360']
['Lisa Wright', '29', '7138 Meyer Rue', 'Port Sean', 'West Virginia', '39083', '-38.482524', '-32.205529']
['Wendy Hart', '72', '303 Watts Court', 'South Michael', 'Nebraska', '57817', '41.799773', '-9.399637']
['Robert West', '56', '95360 Keith Falls Apt. 831', 'Eileenfurt', 'Alabama', '32238', '134.343518', '86.106262']
['Jeffrey Evans', '61', '0212 Mcdonald Divide', 'Lake Collin', 'Mississippi', '94942', '-125.869078', '-26.8104485']
['Keith Walls', '31', '52199 Flores Turnpike', 'Carrborough', 'Rhode Island', '69089', '12.843217', '-81.9487025']
['Ann Perez', '65', '0046 Johnson Lodge Apt. 758', 'Michaelview', 'Oklahoma', '77788', '154.230168', '-82.7904295']
['Gregg Franklin', '46', '789 Thomas Flat Apt. 015', 'North Shane', 'Connecticut', '72513', '-124.514588', '-53.0920015']
['James Bailey', '79', '62827 Danielle Forest Suite 176', 'Cassandrastad', 'West Virginia', '07619', '-43.124150', '66.601522']
['Cristian Walker', '64', '632 Michael Corners', 'Jodyside', 'Alaska', '15923', '121.465398', '-52.9398585']
['Timothy Small', '54', '9987 David Bypass Apt. 287', 'Richardburgh', 'Nevada', '27867', '-137.704619', '6.1014215']
['Nicole Davila', '37', '926 Kevin Mill', 'Bautistaton', 'Louisiana', '35886', '22.857126', '70.182088']
['Paul Buckley', '24', '4705 Cole Via Apt. 858', 'New Jorgeburgh', 'Kansas', '43178', '167.286484', '-40.8810655']
['Joshua Cummings', '68', '055 Long Skyway Suite 973', 'Thompsonfurt', 'Louisiana', '21415', '21.891849', '76.218173']
['Christopher Archer MD', '56', '5147 Brian Trail', 'East Sarah', 'Kansas', '38789', '-93.692280', '-64.2842865']
['Kelly Bennett', '75', '1810 Scott Village Apt. 180', 'East Toni', 'Alabama', '32740', '-30.605838', '-50.183389']
['Susan Jenkins', '72', '472 Cheryl Isle', 'New Bethanyton', 'New Hampshire', '99672', '-127.749239', '50.223298']
['Elaine Lozano', '38', '8761 Butler Trail Suite 168', 'North Oliviaside', 'Hawaii', '00937', '-74.239915', '81.842776']
['Maria Ellis', '25', '6934 Blackwell Walk Suite 324', 'West Stevenstad', 'Florida', '11097', '89.096227', '-0.8746435']
['Linda Alvarez', '65', '30645 Ferguson Drive Suite 221', 'East Christinemouth', 'New Mexico', '02887', '-53.454761', '70.471833']
['Becky Gaines', '68', '48376 Nathan Mountain', 'South Patricia', 'Oklahoma', '47897', '49.936761', '-47.5452575']
['Jeffrey Atkins', '36', '093 Osborne Orchard Apt. 128', 'New Morganton', 'Idaho', '05680', '-103.771766', '17.228408']
['Brendan Price', '58', '622 Cohen Shore Apt. 249', 'West Michael', 'Rhode Island', '86388', '15.241935', '-23.2480915']
['Seth Brooks', '43', '67557 Morgan Prairie', 'East Kaitlin', 'Florida', '63336', '-92.562731', '52.038958']
['Michael Stewart', '73', '0646 Long Mall Suite 564', 'Robbinsbury', 'Alaska', '05157', '-55.126626', '62.9566545']
['Maria Barton', '73', '078 Jessica Well Apt. 911', 'North Barbara', 'Florida', '30589', '-71.056167', '26.304327']
['Samantha Gomez', '38', '550 Bradshaw Trail Apt. 102', 'New Sydney', 'New Jersey', '94318', '105.508458', '76.266190']
['Rebecca Grant', '59', '35799 Preston Ridge Suite 211', 'South Jennifer', 'Florida', '31997', '-13.370510', '3.790895']
['Kevin Bryan', '78', '639 Lisa Crossroad', 'New Cathy', 'Oklahoma', '34079', '103.373397', '-35.0585945']
['Parker Jones', '60', '774 Heather Locks Apt. 109', 'Brookehaven', 'Wisconsin', '05220', '169.758272', '-9.8088335']
['Anthony Chung', '43', '263 Rose Ridge', 'West Jamesview', 'Oklahoma', '86265', '171.872739', '14.8708345']
['Todd Parks', '63', '204 Lowery Spring Apt. 045', 'West David', 'Tennessee', '80572', '-167.505747', '-24.4618505']
['Brittany Greer PhD', '57', '43045 Howard Causeway', 'Carrieland', 'Nevada', '04031', '153.367456', '-20.6820525']
['Henry Martin', '30', '55801 Griffith Hill Apt. 714', 'Reedside', 'Nevada', '62944', '23.514305', '12.057199']
['Barbara Sheppard', '52', '91327 Shelby Canyon Suite 735', 'Jacksonton', 'Missouri', '07305', '57.169329', '9.7365045']
['Ruben Simpson', '23', '7110 Heather Centers', 'Lake Jonathanport', 'Louisiana', '64899', '-87.134001', '-71.9956975']
['David Anderson', '49', '3660 Weaver Light', 'North Crystal', 'Washington', '83147', '-13.922668', '45.615796']
['Kevin Christensen', '18', '04696 Pamela Drives Apt. 097', 'New Cole', 'Missouri', '88851', '162.971915', '-47.8349745']
['Calvin Harvey', '21', '508 Dickerson Crossroad', 'Mckinneychester', 'Connecticut', '90329', '151.679361', '35.9765745']
['Destiny Estrada', '69', '872 Lisa Crossroad', 'East Kristen', 'Vermont', '35700', '-76.075173', '-39.9380365']
['Mary Moses', '26', '244 Wilkinson View', 'Millermouth', 'Alaska', '49344', '75.333895', '83.9860505']
['Candice Sanchez', '64', '0764 Cummings Parkways', 'Youngfort', 'Idaho', '48121', '-6.380427', '17.416466']
['Amanda Krause', '34', '59318 Schmidt Islands', 'Jonesbury', 'Rhode Island', '15157', '-152.701295', '31.2075425']
['Alan Mccarthy', '46', '8364 Crawford Glen Apt. 369', 'North Michaelbury', 'Ohio', '70770', '29.990541', '-61.880312']
['Patrick Reynolds', '59', '182 Traci Brook', 'Olivialand', 'Florida', '96483', '49.037704', '-41.580419']
['Christina White', '43', '19983 Brown Mews', 'Lake Mindy', 'Tennessee', '02691', '-164.011860', '81.6024715']
['Jason Reeves', '67', '73537 Berry Throughway Apt. 649', 'North Stephanietown', 'Illinois', '88149', '41.683966', '-12.960125']
['Arthur King', '79', '22381 Edwards Hills Apt. 011', 'Ericburgh', 'Ohio', '15361', '-175.672057', '-72.514567']
['Ashley Kelley', '60', '36474 Cowan Stravenue Apt. 106', 'Lake Josephville', 'Nebraska', '10559', '-143.067843', '26.9819335']
['Carlos King', '77', '1146 Jones Estates', 'Michaelview', 'Nevada', '13811', '143.984649', '86.705048']
['Thomas Nguyen', '49', '7723 Mary Isle Suite 027', 'Eatonberg', 'Louisiana', '30536', '-118.256774', '11.144019']
['Angelica Nelson', '75', '373 Elizabeth Motorway Suite 401', 'Port Tonyatown', 'New York', '58334', '45.784774', '19.7596895']
['Laura Thompson', '46', '1591 Hannah Lane', 'Morganstad', 'Illinois', '93539', '76.510601', '-78.597978']
['James Hall', '53', '215 Jeffrey Union Suite 654', 'Chambersview', 'Maryland', '03585', '-0.448663', '2.528251']
['Anna Valdez', '72', '398 Charles Wells', 'Lawsonmouth', 'Nebraska', '35799', '-79.080694', '-32.500705']
['Bobby Williams', '56', '2622 Casey Motorway', 'New Sharon', 'Missouri', '36248', '129.231646', '33.4157085']
['John Reynolds', '37', '707 Michael Crescent Apt. 674', 'East Lisa', 'Maine', '27730', '-56.100449', '60.4593695']
['Amber Brown', '19', '7802 Casey Loop Apt. 321', 'East Emmamouth', 'New Hampshire', '56970', '33.065622', '-63.177076']
['Dawn Frost', '76', '5912 Richardson Manors', 'East Robin', 'Tennessee', '95146', '-14.044174', '73.8671845']
['Frederick Wolf', '30', '939 Emma Meadows', 'New Veronica', 'Illinois', '74225', '170.647628', '-43.820325']
['Chelsea Henry', '18', '20177 Dixon Brooks', 'Avilaland', 'Maine', '72103', '-176.012719', '-53.7357635']
['Jennifer White', '75', '1307 Eric Knolls', 'Kendraborough', 'Alabama', '46795', '109.012405', '-53.001044']
['Jonathan Mason', '24', '962 John Crescent Suite 622', 'South Darrylview', 'North Dakota', '09415', '-76.024266', '-30.7090795']
['Tina Dodson', '37', '579 Shawn Branch', 'Amandaburgh', 'Connecticut', '59401', '144.934726', '-74.9221275']
['Chelsea Pena', '42', '3666 Lloyd Heights Apt. 436', 'Lake Zacharyfurt', 'Maine', '23507', '-117.762958', '79.2263815']
['Mary Noble', '78', '94513 Blair Pine Suite 820', 'West Jennifer', 'New Jersey', '27114', '-17.207422', '-24.3712555']
['Thomas Sandoval', '29', '48394 Franklin Landing', 'Jenniferview', 'Ohio', '95195', '-153.879481', '83.786675']
['Tiffany Sharp', '76', '16327 Brent Road Apt. 996', 'Abigailview', 'West Virginia', '77665', '-156.044872', '50.065703']
['Cheryl Bowen', '69', '46039 Lisa Landing', 'Ashleechester', 'Maryland', '41381', '116.040594', '-28.566616']
['Jenna Floyd', '34', '506 Justin Rapid', 'Stewartland', 'Arkansas', '55766', '-141.318079', '7.4054895']
['Holly Ward', '53', '06997 Justin Circles', 'Robinshire', 'Maryland', '11483', '151.839216', '41.8922415']
['Sophia Pearson', '45', '2695 James Mountain Apt. 790', 'Gibbsmouth', 'New Hampshire', '13779', '179.327414', '-19.1644555']
['Adam Wright', '44', '460 Barajas Walk', 'Julieshire', 'Louisiana', '65030', '19.700081', '29.1949395']
['Daniel Mcdonald', '58', '99212 Kimberly Rest', 'Olsenmouth', 'Rhode Island', '13399', '37.240687', '28.9313365']
['Jimmy Farmer', '44', '1385 West Lights Suite 120', 'Hallfort', 'Hawaii', '85506', '50.095378', '20.379195']
['Russell Cruz', '20', '34370 Peter Parks', 'Freemanberg', 'New Mexico', '79238', '-128.918314', '34.5204805']
['Amanda Gilbert', '75', '9059 Amy Flat Suite 798', 'West Laurie', 'California', '29787', '-156.423558', '44.7511215']
['Jacqueline Perez', '31', '5173 Wallace Mountains Suite 947', 'Montoyaton', 'Louisiana', '60326', '176.041844', '57.799016']
['Donald Mcgee', '53', '55898 Navarro Street Suite 076', 'East Michaelhaven', 'Florida', '26793', '106.007852', '-4.184698']
['Spencer Diaz', '77', '88139 Kimberly Springs', 'West Jodihaven', 'Arkansas', '15780', '158.952489', '85.4277675']
['Jessica Johnson', '56', '194 Morton Shoals', 'Pacefort', 'Missouri', '40206', '-167.534356', '89.215585']
['Danny Vasquez', '80', '89011 Ferguson Land Apt. 046', 'Wilsonmouth', 'Kansas', '84926', '9.109321', '-60.6614755']
['Brian Torres', '42', '15764 Dustin Trace Suite 972', 'East Samantha', 'Ohio', '01684', '-122.914429', '2.1830505']
['Linda Young', '26', '366 Alexandra Plains', 'Adamsstad', 'Missouri', '23225', '132.116562', '-24.7843925']
['Nicole Morris', '68', '20780 Wells Cliffs', 'North Ricardo', 'New Hampshire', '98233', '-142.077484', '26.1926235']
['Jessica Cole', '51', '311 Michaela Spur Suite 426', 'Oliverborough', 'New York', '69626', '-148.511714', '-50.851543']
['Amy Hammond', '24', '42434 Lisa Crescent', 'West Amandaland', 'Tennessee', '76079', '-150.715868', '-22.3090055']
['Diane Brown', '33', '11829 Green Courts Suite 534', 'Carlastad', 'Alabama', '13756', '-68.188106', '-18.8285675']
['Randy Sherman', '18', '592 Eric Dam', 'Port Dillonfurt', 'California', '30692', '14.753127', '14.9903065']
['Laura Jones', '36', '47735 Charles Ports Suite 485', 'West Jenniferburgh', 'Missouri', '69284', '-49.474307', '75.346860']
['Tom Estrada MD', '20', '1407 Kennedy Trace Suite 563', 'Flowersland', 'West Virginia', '48881', '138.977737', '-80.7974545']
['Jonathan Smith', '56', '17177 Anita Radial', 'South Noah', 'Kansas', '61601', '160.547382', '81.6224435']
['Joseph Kerr', '28', '4155 Emily Mountains Apt. 284', 'East Paulaview', 'Iowa', '19847', '-137.633869', '-2.060901']
['James Smith', '44', '865 Harold Trail', 'South Nicholas', 'Vermont', '54387', '-48.958810', '-23.979713']
['Edward West', '40', '52267 Bridget Valley', 'Rodriguezmouth', 'Iowa', '44604', '-52.826660', '18.969771']
['Amanda Hendricks', '48', '605 William Canyon Apt. 756', 'New Annettebury', 'Maine', '63444', '148.143772', '43.374001']
['Jeremy Hood', '71', '638 Long Freeway Apt. 964', 'North Tinamouth', 'Iowa', '90852', '162.893195', '35.6210715']
['Michael Fowler', '31', '65066 Bean Bypass Suite 357', 'Kaitlinmouth', 'New Mexico', '30775', '-46.335969', '75.5016355']
['Thomas Nolan', '60', '7148 Garcia Branch Apt. 640', 'Port James', 'Mississippi', '18816', '-158.860187', '34.5095115']
['Jaime Peters', '39', '128 Thornton Estates Suite 105', 'Amandachester', 'Idaho', '44877', '53.540848', '26.933674']
['Hayley Moses', '65', '36317 Kirby River Suite 331', 'Teresahaven', 'Tennessee', '86455', '-87.170124', '42.170607']
['Sarah Bowman', '18', '79372 Shah Tunnel Apt. 033', 'Kingmouth', 'Missouri', '95697', '-9.053933', '77.6705455']
['Joseph Martin', '77', '52171 White Locks Apt. 794', 'East Adrienne', 'Tennessee', '72325', '-159.531229', '49.189806']
['Brian Dennis', '66', '2476 Rebecca Lake Apt. 199', 'Francoshire', 'Wisconsin', '71509', '137.112380', '-77.6454355']
['Rhonda Cohen', '65', '373 Stevenson Wall Apt. 397', 'New Laura', 'Connecticut', '19539', '-32.897569', '-34.421364']
['Brittany Gonzalez', '70', '37335 David Mews', 'Gilesville', 'West Virginia', '44334', '42.191912', '15.2696475']
['Cynthia Cervantes', '22', '18538 Michael Light', 'West Paula', 'Washington', '55972', '-159.017288', '-87.3174285']
['Felicia Garcia', '71', '8793 Lauren Highway Apt. 950', 'East Jennifer', 'Maine', '95206', '-37.651306', '-39.4855045']
['Katie Gray', '54', '48278 Sergio Bridge Apt. 716', 'Port Melissaview', 'New Hampshire', '83319', '-110.898184', '11.516363']
['Justin Garcia', '72', '35749 Wilson Motorway', 'Peggyview', 'Vermont', '54731', '-100.388369', '-19.550741']
['Megan Maldonado', '65', '130 Ward Mountain Apt. 486', 'New Erika', 'Louisiana', '17692', '137.341518', '45.257692']
['Carl Lawson', '39', '0823 Glass Crescent', 'Lake Tammy', 'Ohio', '80690', '-171.994211', '4.805933']
['Kara Johnson', '54', '292 Hailey Plain', 'Kimberlyburgh', 'Connecticut', '09028', '-65.312111', '-47.9419405']
['Julie Lopez', '48', '9561 Yang Roads', 'Port Tracy', 'New Jersey', '64087', '-167.059988', '-21.6279965']
['Christopher Kelly', '59', '7281 Eaton Trafficway', 'Barbaraside', 'South Dakota', '76316', '-30.476625', '-55.2207105']
['Michelle Mcguire', '80', '915 Elizabeth Pike', 'Adrianaview', 'Kansas', '62946', '148.606465', '-30.5447195']
['Matthew Baker', '22', '89228 Shannon Prairie', 'Moralesbury', 'Ohio', '21626', '144.191074', '-32.893455']
['Julia White', '25', '4946 Miller Fords', 'East Justin', 'California', '51450', '112.596501', '32.067149']
['Michael Ray', '29', '638 Thompson Squares Apt. 439', 'East Carmenmouth', 'North Dakota', '34157', '-26.278714', '17.0002545']
['Dennis Young', '29', '315 Erin Ridge Apt. 511', 'Savannahborough', 'Iowa', '47737', '-21.616372', '-77.416446']
['Ariel Fuentes', '52', '538 Vicki Mountains Suite 068', 'East Lisa', 'Iowa', '39593', '-20.760130', '-86.847288']
['Dylan Snyder', '52', '0686 Carlson Crossroad', 'Robertton', 'Hawaii', '65102', '-135.817662', '-71.0317965']
['Ryan Roach', '64', '7802 Timothy Mission', 'Lake Carolynhaven', 'New Jersey', '53347', '176.473623', '-89.0469175']
['William Benson', '78', '674 Sanders Squares Apt. 729', 'Whitneyland', 'Virginia', '21131', '47.599233', '59.390785']
['Brandon Williams', '45', '66721 Michael Lakes Suite 815', 'Port Jessicaland', 'New York', '52475', '147.365727', '-28.280212']
['Karen Keith', '70', '7972 Gardner Manors Suite 746', 'South Richard', 'Missouri', '09698', '-69.714211', '66.187788']
['Adrian Marks', '25', '649 Gamble Fords', 'Johnport', 'California', '88461', '107.393095', '1.643929']
['Maureen Moore', '33', '87344 Charles Brooks Apt. 332', 'West Katherine', 'Louisiana', '60202', '8.885851', '-48.961851']
['Dawn Lawrence', '79', '158 Mark Pass', 'East Beverlyhaven', 'Tennessee', '17613', '88.834869', '-77.7317725']
['Brandy Crawford', '40', '271 Sharp Island Suite 446', 'Lake Rebecca', 'Louisiana', '22692', '145.574715', '-75.2276595']
['Ronald Campbell', '36', '0231 Yang Freeway Suite 279', 'Lake Jerrytown', 'West Virginia', '66277', '74.719752', '-69.330695']
['Richard Harris', '53', '3534 Brandi Curve Suite 233', 'Blakehaven', 'West Virginia', '36965', '-117.216442', '-45.280510']
['Ronald Castillo', '25', '6988 Clifford Avenue', 'East Katherine', 'Louisiana', '27054', '136.762371', '-38.9159145']
['Brenda Schultz', '48', '3166 Travis Run Suite 881', 'New Victorborough', 'Arkansas', '56811', '117.569554', '49.4130745']
['Karen Reynolds', '45', '07610 Trevino Land', 'Victoriaburgh', 'Hawaii', '96230', '34.359000', '12.8158595']
['Kyle Guzman', '76', '732 Gonzalez Glens Suite 363', 'Port Andrewville', 'Alaska', '72914', '140.158355', '-46.742411']
['Veronica Higgins', '71', '78312 Johnson Corner', 'North Lawrence', 'New Jersey', '77835', '53.714191', '-3.6204095']
['Felicia Hart', '33', '571 Stanley Ville', 'North Heather', 'Rhode Island', '16311', '-7.600522', '-3.3811385']
['Mitchell Daniel', '51', '729 Gillespie Union', 'Danielborough', 'Alaska', '74521', '-138.537891', '29.7067375']
['Pamela Johnson', '76', '10346 Collins Forge Apt. 570', 'Kristenburgh', 'Rhode Island', '24424', '-66.276663', '-18.7019935']
['Cory Brooks', '53', '3205 Natalie Coves', 'North Alexander', 'Connecticut', '95791', '174.527385', '48.5236405']
['Amanda Sanchez', '80', '68818 Cabrera Junctions', 'Port Steven', 'Washington', '02915', '123.077736', '-86.265335']
['Bonnie Thomas', '60', '040 Lewis Brooks', 'Lake Marieport', 'California', '90943', '-138.261655', '-1.6785135']
['James Ferguson', '42', '14106 Logan Locks Apt. 365', 'Loganfurt', 'Iowa', '13109', '-71.482511', '-43.7260535']
['Brittney Burke', '80', '04184 Blake Walks Apt. 248', 'Hendersonfort', 'Maryland', '35153', '-8.196717', '-7.734679']
['Tracy Guerra', '34', '47376 Ruiz Ford Apt. 787', 'South Jenna', 'South Dakota', '71952', '145.934914', '-50.111706']
['Ashley Fisher', '58', '61183 Grace Haven', 'Carlsonborough', 'Maryland', '62735', '85.369837', '-82.613382']
['Brandon Bullock', '26', '8748 Turner Springs', 'Adamberg', 'Idaho', '54971', '138.075478', '-83.1384415']
['Scott Nelson', '45', '8681 Morgan Locks', 'Hansenmouth', 'New Hampshire', '53038', '31.180286', '30.397552']
['April Vaughan', '41', '91436 Contreras Via', 'North Donna', 'Rhode Island', '57818', '-54.411139', '25.5853435']
['Monica Patel', '66', '8963 Carlson Summit', 'West Cheryl', 'New Hampshire', '26250', '-36.581297', '74.819138']
['Charles Williamson', '31', '7835 David Keys', 'East April', 'Nebraska', '04845', '144.854899', '25.2585645']
['Jason Morris', '42', '0046 David Locks', 'Johnsonmouth', 'Ohio', '45804', '69.264553', '-41.1555485']
['Samantha Jones', '22', '99243 Sullivan Street Suite 195', 'Feliciaburgh', 'Maine', '29528', '91.947186', '-37.7995695']
['Christopher Brown', '73', '8988 Christine Stravenue', 'South Janet', 'Ohio', '14643', '-54.115517', '19.600460']
['Brett Sexton', '77', '33815 Ball Row', 'North Terri', 'Hawaii', '15299', '-135.802679', '40.1013115']
['Kristen Wyatt', '64', '021 Brittany Bridge Apt. 524', 'South Maryshire', 'Missouri', '47771', '-50.108707', '-0.8550065']
['Ronald Reeves', '27', '364 Murphy Turnpike Suite 178', 'West Leonardfort', 'Oklahoma', '49575', '-142.127189', '-58.292272']
['Elizabeth Burnett', '23', '222 Vanessa Green Apt. 782', 'Port Brandon', 'Arkansas', '64488', '30.482392', '-44.8361485']
['Jacob Wilson MD', '48', '8556 Carroll Crossing', 'Angelatown', 'South Dakota', '31069', '10.764120', '38.2368345']
['John Rush', '34', '9461 Michael Overpass', 'North Brendaport', 'Nevada', '29807', '-138.991416', '-30.947465']
['Regina Parker', '62', '100 William Ville', 'Franklinbury', 'Arkansas', '76098', '-133.379846', '-22.4820845']
['Latasha Meyers', '49', '923 Evan Green', 'Lake Jacob', 'Alaska', '32500', '-29.519933', '-42.5292295']
['Charles Johnson', '51', '26480 Walter Hill Suite 125', 'South Maryshire', 'West Virginia', '99435', '-92.803893', '9.8675705']
['Jason Ellis', '50', '3694 Matthews Greens', 'Port Daniellemouth', 'Missouri', '91645', '6.622201', '77.861235']
['Jason Hart', '65', '9238 Christopher Landing', 'New Andrew', 'West Virginia', '46717', '60.264622', '-16.2672455']
['Joshua Lee', '56', '160 Hoffman Mountain', 'Jessicafurt', 'Alabama', '12789', '16.906149', '31.297216']
['Robert Mclaughlin', '56', '604 Kevin Lock Suite 408', 'East Veronicachester', 'Nevada', '47194', '41.118975', '77.170795']
['Cassandra Lee', '62', '0510 Carol Keys', 'East Antoniochester', 'Hawaii', '04430', '-91.172420', '-49.367368']
['Gary Foley', '79', '298 Mora Grove', 'Jacobsonberg', 'Idaho', '06995', '150.388618', '14.664472']
['Beth Blankenship', '52', '788 Andrew Throughway Suite 812', 'Johnsonstad', 'Connecticut', '29351', '-165.843538', '46.485638']
['Gail Wyatt', '45', '82614 Gregory Road', 'Gomezstad', 'Alaska', '38957', '40.062297', '-49.203192']
['Taylor Craig', '29', '290 Robert Key Suite 125', 'Williamsmouth', 'Alaska', '78735', '-160.034581', '-31.8513915']
['Kathleen Smith', '80', '89801 Nolan Ridges', 'Christopherberg', 'Louisiana', '68952', '104.551728', '0.670569']
['Whitney Tucker DVM', '74', '5759 Carrillo Cove', 'Annefurt', 'Nevada', '02529', '-123.920596', '12.2085675']
['Anna Williams', '20', '3696 Gonzalez Loaf', 'West Dawnmouth', 'Wisconsin', '92092', '103.973016', '-28.164193']
['Nicholas Patterson', '75', '20694 Brittany Isle Apt. 204', 'East Amandaside', 'New Jersey', '35589', '83.853165', '-60.177511']
['Jessica Gallegos', '74', '747 Allen Plain Suite 455', 'Lake Nathanchester', 'Maine', '24255', '36.102384', '-41.250372']
['Maria Thompson', '40', '3171 Woods Motorway', 'Sullivanchester', 'Virginia', '12118', '2.267778', '-65.797496']
['Kaylee Young', '77', '1190 Adam Keys', 'Ortizton', 'California', '20715', '-6.530414', '1.291745']
['Rebecca Anderson', '57', '006 Patricia Skyway', 'New Jasonland', 'Alabama', '16344', '-29.397696', '79.6574435']
['Mary Wright', '67', '6014 Bailey Alley', 'Port Leeport', 'Iowa', '33328', '179.180428', '87.804235']
['Brenda Rich', '38', '925 Allen Valley Apt. 643', 'East Peggyshire', 'Rhode Island', '01357', '-122.981725', '-23.619905']
['Ronald Roberson', '63', '3764 Parks Spur Apt. 850', 'Patriciaborough', 'Rhode Island', '70279', '159.862896', '42.0927405']
['Michael Khan', '69', '9626 Ross Forges', 'Keyberg', 'Vermont', '37513', '-7.100205', '31.206837']
