Joseph Frost,89,0564 Tracy Squares Suite 390,Port Kevin,New Jersey,82088,122.143683,3.8027955,0
Sarah Martinez,64,8880 Strong Estate,Lewisport,Rhode Island,97960,-51.470907,37.1190845,1
Nathaniel Andrade,25,220 Diaz Burg,Williamston,Utah,6098,139.639934,84.8235015,2
Juan Castro,74,6175 Meadows Lodge,Port Sandra,Illinois,61562,3.051608,-80.31717,3
Mr. Jeffrey Hughes,53,73304 Renee Tunnel Suite 709,Blakeburgh,Florida,89766,55.164603,-18.0729995,4
Michael Hunter,100,291 Dawn Corners Suite 715,Port Jeannestad,New York,6102,56.261663,75.7795395,5
James Frazier,47,073 Kimberly Estate Apt. 331,East Andrew,Missouri,69174,130.320289,-72.5070285,6
Brian Young,83,059 Jefferson Isle,East Corey,Virginia,78298,93.994417,-40.9554685,7
Cathy Graham,53,05788 Miguel Tunnel Apt. 141,Lake Ryanmouth,Kansas,25723,20.557607,55.4193115,8
Justin Bauer,86,062 Wolfe Terrace,East Stephaniehaven,Oklahoma,47792,-83.800828,2.5482085,9
Jason Martinez,99,214 Jones Path,South Daniel,Vermont,84488,-137.842482,59.4508445,10
Patty Rogers MD,100,38409 Christina Motorway Suite 731,Port Christopher,Wisconsin,73281,92.572122,-85.8816235,11
Luke Haynes,17,87618 Lawrence Shore,Cartertown,Utah,84199,52.613834,-1.8302785,12
Kristin Flowers,16,60315 Davenport Road,North Melissaside,Pennsylvania,87521,-45.985279,64.429906,13
Tyler Hernandez,73,10218 Turner Springs Suite 275,Clarkmouth,New York,10280,73.889546,-89.0345415,14
Sandra Johnson,91,83472 Victoria Greens Apt. 115,New Ronald,Louisiana,46098,0.647731,27.74785,15
Mr. Marcus Leon Jr.,72,8785 Sherri Branch Apt. 649,Phillipville,Indiana,39154,-112.00562,-3.1634835,16
Steven Elliott,84,6296 Tyrone Mission,Francisside,Utah,9446,135.427102,67.643304,17
Allen Rowe,34,1958 Walker Row Apt. 355,West Nicole,Idaho,77493,-6.862688,-88.2398705,18
Lauren Simmons,7,72021 Michael Mall Apt. 830,New Michaelborough,Arizona,60563,-98.329602,-21.920092,19
Tina Crawford,15,5988 Jeremy Junctions Suite 958,Meganberg,Delaware,22358,118.514818,-50.329564,20
Mrs. Tiffany Aguilar,54,436 Jennifer Shoal Apt. 249,Port Monica,Louisiana,30790,-1.982178,11.288004,21
Charles Williams,60,3190 Hartman Land,Christopherfort,Delaware,68228,101.369476,-7.203381,22
Jessica James,28,381 Nicholas Via Apt. 970,Lake Heather,New Hampshire,46855,17.679615,-14.724871,23
Michelle Solis,55,700 Laura Lake,East Ryan,New Jersey,12295,115.43713,19.8319505,24
Denise Hendrix,94,4775 Jennifer Mountains Apt. 436,Russellmouth,Mississippi,68059,-19.683942,11.244683,25
Kristina Miller,57,035 Robin Valley,Walterbury,Alabama,41157,91.836089,-43.960692,26
Jeffrey Daniel,66,3805 Clark Fort Apt. 231,East Brooke,North Carolina,24293,-47.996233,9.1461525,27
Jacob Harris,66,6400 William Drives,Carpenterton,Rhode Island,60242,100.530832,-34.6764085,28
Madison Bryan,16,5812 Matthew Loop,Wolfshire,Massachusetts,99454,68.843784,30.0952405,29
Amy Sexton,11,8994 Rojas Courts Suite 644,Parkerport,Wisconsin,37542,30.050658,-84.3325075,30
Angela Hays,56,00173 Roberts Fords,South Bobbytown,Hawaii,79009,14.348076,-11.0288565,31
Sarah Mendez,18,761 Justin Ranch,Heatherburgh,North Dakota,69824,177.603363,37.886251,32
Chelsea Owens,88,147 Roger Spur Suite 085,North Ashley,Idaho,52679,-155.032975,64.8452425,33
Kathleen Ross,33,6106 Michael Point,Port Lisashire,Nevada,21165,154.268527,57.4281675,34
Justin Hardy,43,011 Jones Avenue,Lake Susan,Tennessee,33463,7.014191,21.79241,35
Charles Wiley,93,0497 Pearson Summit Apt. 985,West Robert,Nebraska,21509,-50.617585,-78.76913,36
Jared Davis,73,419 Stewart Trace Apt. 038,North Christina,Illinois,88202,-80.824738,-48.3515165,37
Stephanie Martin,78,58693 Stephen Drive,Port Luis,Alaska,78049,-62.960901,-31.8335665,38
Michael Yates,35,50172 Gutierrez Wells Apt. 213,New Alan,Alaska,89086,128.991631,-36.1253875,39
Justin Mitchell,11,7296 Melissa Plain,Lewismouth,Wisconsin,30826,155.72648,37.1653285,40
Drew Thomas,68,35556 Campbell Squares,Michelleborough,Florida,88616,-2.022777,13.369192,41
Marie Ruiz,9,4193 Jones Knoll,Kellimouth,California,39535,22.202101,3.2089235,42
Jeffrey Wood,45,4173 William Points,Lake Justin,Louisiana,11849,-174.614269,-73.018644,43
Ryan Rodriguez,91,80759 Tracy Meadows,North Katrina,North Carolina,47659,-89.707697,-85.6208795,44
Sandra Smith,87,41105 Tyrone Rapids Suite 189,Port Stevefurt,Michigan,84830,108.752738,-69.997124,45
Scott Lin,80,95470 Hunter Place,Lake Angela,Kansas,81415,147.36813,-58.1968005,46
Bruce Wells,76,817 Buckley Falls,South Vincent,Utah,10276,-87.514007,72.6244075,47
Micheal Edwards,59,62942 Daniel Throughway,New Dakotaville,Wisconsin,14610,93.00777,-57.167695,48
Christopher Mills,25,84100 Torres Lakes Apt. 814,Kimberlyhaven,Washington,31546,13.215679,-7.1032195,49
Jennifer Ward,100,65760 Taylor Walks,East Robert,Louisiana,82864,-138.709921,47.884107,50
Joseph Henderson,25,5011 Dean Pine Apt. 068,North Christian,Hawaii,95103,114.713666,-61.0209695,51
Christine Bond,54,6573 Joshua Ridge Apt. 681,Griffinmouth,Alaska,23295,166.964697,64.48837,52
Michele Wyatt,56,25146 Benjamin Corners Apt. 650,Jenkinsmouth,New Mexico,59537,25.067526,1.7873865,53
Wesley Allen,9,17738 Jennifer Throughway Apt. 766,Liview,Ohio,17963,169.517177,-62.282255,54
Brian Simpson,52,57094 Anderson Points,Hallstad,Iowa,77482,-11.360918,-3.8685675,55
Ricardo Clark,75,76044 Justin Wells Suite 778,Grayton,Colorado,41535,-174.531701,-41.357784,56
Deborah Anderson,84,118 Clayton Ways,Nancyshire,Hawaii,69314,-117.491407,-14.782695,57
Alan Cortez,75,06944 Moore Trail,East Teresa,Alabama,98287,-66.179478,-44.9203985,58
Cesar Hunter,41,854 Calvin Rue,Maryborough,Virginia,89187,-96.368722,-6.513317,59
Kara Wright,43,90247 Diana Mews Apt. 585,Emilychester,North Carolina,12473,20.839042,15.344757,60
James Hardin,89,8078 Murillo Trail,Mossshire,Minnesota,86644,-155.093265,-46.963599,61
Brian Pruitt,79,2292 Robert Square Suite 670,Tuckerport,Minnesota,12967,-59.034494,84.7728545,62
Amanda Russo,59,56607 Miranda Gateway,Gailfurt,Virginia,37563,123.625537,-77.72215,63
Abigail Floyd,20,603 Herrera Garden Suite 859,New Stephanieville,Texas,46685,23.164136,-29.0771005,64
Tara Sharp,79,3628 Merritt Extension,Josephfort,Arizona,44488,103.518525,-33.8684715,65
Spencer Hayes,83,867 Jose Fall,East Gloriatown,New Jersey,65865,-10.735416,34.5863715,66
Martha Richards,56,167 Greer Crescent,Hughesborough,Michigan,3400,-161.327138,-89.1507855,67
Michael Cross,59,736 Mary Burgs,New Karenberg,Pennsylvania,88189,-13.631528,-80.9652715,68
Michael Diaz,8,57051 Heather Parkway,New Anthony,South Carolina,97499,96.786644,-59.3634365,69
Amy Mccoy,45,61758 Richard Parkway Apt. 802,Joshuaside,Nebraska,76220,106.424366,-69.829036,70
Mrs. Susan Baker,98,83114 Mary Rapid,New Michael,Indiana,34814,57.13451,75.4951405,71
Frank Kent,87,21823 Timothy Loop,Port Robertberg,Idaho,84297,-71.750055,-70.4580475,72
Alexis Bush,58,153 Schneider Curve,Foxshire,Kansas,48955,128.897655,-75.954846,73
Jeremy Carter,17,57661 Moore Trace Apt. 649,Anaville,Maine,80702,-102.185873,25.950986,74
Amanda Martinez,51,020 Williams Trail,Port Kellyborough,Alabama,28855,127.36215,-60.1650515,75
Jeremiah Lewis,68,746 Rodriguez Fords Suite 399,New Brian,West Virginia,85957,-40.993109,-3.7828735,76
Colin Porter,62,43683 Jackson Locks Suite 168,Port Matthew,Nevada,12550,-115.477106,-13.7571165,77
Melissa Martinez,92,61933 Brian Gateway Suite 242,West Kathy,Mississippi,51152,137.02052,-52.0354425,78
Robert Simpson,20,279 Trevor Freeway Apt. 509,Laurashire,Connecticut,50594,-17.039354,63.7119105,79
Michael Hamilton,42,898 Amanda Trail Suite 758,Mejiashire,Wyoming,5030,-165.37744,69.6210695,80
Emily Reyes MD,71,8831 Price Neck,Brownborough,Nevada,3505,-47.977184,32.296654,81
Teresa Allen,100,38108 Carlson Tunnel Apt. 400,Rachaelhaven,Arkansas,38374,148.751215,23.9474875,82
Jessica White,68,3140 Franklin Heights,Philipland,Mississippi,18842,18.346639,-56.522677,83
Teresa Black,81,6295 Brian Locks Apt. 835,Port Marychester,Wyoming,19296,-49.243516,89.5957685,84
Jamie Sheppard,93,067 Charles Ramp,North Elizabethhaven,Kentucky,90561,174.703957,-68.9457565,85
Carrie White,88,0652 Allen Branch Apt. 754,Odomborough,Rhode Island,95930,-168.895983,-28.2504895,86
Lisa Miles,81,44395 Christopher Run Suite 564,New Adamville,Ohio,60517,-134.239855,-51.350503,87
Tracy Strickland,51,622 Erik Locks Suite 317,Lake Michellemouth,New Mexico,78289,-131.373383,-83.386882,88
Tamara Mendez,5,854 Peck Isle,Petersontown,Texas,14252,25.663655,-18.9616965,89
Christopher Mccann,16,5159 Watson Spur Suite 758,Catherineville,Oklahoma,82962,-154.278061,74.5754235,90
Katherine Wright,6,8591 Ashley Lights Apt. 670,Warrenstad,Utah,37208,-60.234748,34.591401,91
Sarah Cohen,5,724 Williams Throughway Suite 862,Port William,New Mexico,44077,-155.408483,-87.7755015,92
Michael Ryan,3,51685 Johnson Port,East Paula,Iowa,76766,105.697024,68.129026,93
Scott Stone,65,5248 Sharp Pass,Lake Jennifer,South Carolina,85020,-72.076651,-62.953811,94
Mark Bowen,34,4228 Gay Junctions,Toddfurt,Hawaii,12025,147.480439,-87.5101845,95
Sarah Lowe,47,0768 Li Streets,Melaniefurt,Texas,92635,147.137357,46.4289295,96
Nathan Williams,96,32645 Sally Bypass Suite 900,Lake Steven,Texas,51663,-144.33952,39.5450705,97
Kayla Hernandez,84,4164 Williams Avenue Suite 522,Stevenland,Louisiana,97175,175.9744,40.8481265,98
Catherine Moore,98,1861 Bryce Plaza Suite 104,West Brandyville,California,98217,-33.174979,-19.810209,99
Elizabeth Smith,17,38670 Fowler Stravenue Suite 980,New Chelsea,Minnesota,35285,-20.755553,-72.5273635,100
Marissa Thornton,57,6239 Graham Avenue,Port Benjaminmouth,Illinois,82162,160.580289,17.620261,101
Brooke Reilly,21,72012 Mcdonald Green,Baileyhaven,Maryland,36787,-155.194562,-15.1978035,102
Alyssa Nguyen,5,46067 Jeremy Mount,Jameshaven,Nebraska,1251,123.332286,9.6945305,103
Jacqueline Durham,3,04692 Bell Glens Suite 063,Port Rhondahaven,Connecticut,86183,66.054012,3.525804,104
Elizabeth Hull,88,698 Christian Station,East Jenniferville,Louisiana,24905,49.13966,9.2926935,105
Michael Ward,78,96780 Jackson Circle,Mooreshire,Oklahoma,41610,-57.431725,53.5656635,106
Jason Martin,90,65144 Kevin Stream Suite 376,Davidstad,Hawaii,98646,-60.227588,-21.2083115,107
Brian Rodriguez,83,40605 Kathryn Courts,Williamberg,Colorado,73382,6.950624,67.163761,108
Danielle Burch,34,704 Stephen Burg,East Jamie,New Jersey,94242,-38.482398,45.5161345,109
Casey Giles,41,6034 James Park,Bushbury,Minnesota,82090,-115.353071,-77.6810895,110
Laura Williams,39,5648 Stanley Keys,Fergusonland,Washington,31160,156.662199,-57.1598215,111
Joshua Roman,4,2132 Linda Green Apt. 057,East Matthew,Minnesota,16033,-89.262095,-77.5866965,112
Todd Brown,57,63068 Montgomery Camp Apt. 857,Allenbury,Delaware,67188,-153.325493,-31.5306485,113
Alexandria Hancock,77,44498 Johnson Stravenue Apt. 808,Garyfort,Virginia,92579,4.399999,-84.3567535,114
Christina Cole,85,5823 Walters Flats Apt. 042,West Lisa,Maine,82176,94.930038,-46.4862415,115
Shawn Cunningham,37,804 Miller Vista,Douglasville,Hawaii,64602,-142.16915,-79.4923985,116
Toni Roberts,3,6188 Gill Courts Apt. 816,East Jacobview,North Dakota,98835,60.785655,-52.1058585,117
Kyle Good,35,9646 John Spring,Whitneychester,Alaska,36591,176.984639,-52.4436635,118
Samantha Vaughan,96,29382 Nicole Mount,Lindashire,Maryland,15327,-89.190403,-52.181652,119
James White,70,3442 Michael Isle Suite 816,West Kristenbury,Mississippi,15439,28.460621,29.779518,120
Melissa Fletcher,49,42646 James Canyon,East Valeriehaven,Wyoming,82347,-176.404827,-35.483927,121
Melissa Ho,69,7146 Valencia Ridge,Kentfurt,West Virginia,97687,25.100065,-11.3336695,122
Terry Knight,16,26922 John Plain,Michaelside,Maryland,19621,-141.284513,-2.477662,123
Mark Richardson,56,60586 Estrada Points Apt. 594,Webbchester,Rhode Island,84752,123.849213,-18.890583,124
Angela Howell,39,2359 Thornton Key Apt. 842,Port Lorettaton,Minnesota,83204,41.876773,-66.4000985,125
Robert Parker,25,595 Frey Throughway Apt. 720,Port Michelle,Nevada,66327,-52.902887,-33.031287,126
Erica Whitaker,99,5670 Gutierrez Valley,New John,Louisiana,96577,107.521768,-79.1783245,127
Ryan Ware,48,946 Michelle Haven,Dwayneland,Iowa,36521,-16.02769,61.30611,128
John Gordon,52,8124 Stephen Views,West Timothy,Louisiana,18068,85.026719,-10.8797875,129
Pamela Zuniga,51,927 Wallace Mews Apt. 111,Ebonyview,Alabama,11814,3.377324,-56.1431155,130
James Hayden,91,507 Peter Groves,Hopkinsville,Pennsylvania,64637,163.013715,-44.224216,131
Tyler Crawford,50,34362 Ryan Via,Port Alexandermouth,Indiana,70229,-149.795314,-51.595191,132
Ronald Mcdonald,71,79210 Amy Courts,South Davidport,Maryland,98082,-110.310928,-7.075614,133
Michael Sanchez,31,85593 Amy Court,Ryanport,Idaho,26888,-76.075091,55.0191905,134
Samantha Williams,32,8562 Hanson Landing,New Lindseymouth,Arkansas,7056,0.849196,66.6402105,135
Katie Sanchez,81,560 Jennifer Well,Amyfurt,Missouri,1897,153.842581,-15.2889035,136
Mr. Brian Meyers,91,0507 Thomas Orchard Apt. 152,New Stephanie,Alabama,89238,164.828564,-60.006502,137
Ralph Anderson,73,619 Eric Springs Suite 856,New Reneemouth,Illinois,76339,-173.742564,-1.0547535,138
Nicholas Johnson,21,49075 Andrew Glens Suite 270,Michaelport,Mississippi,38331,147.422649,-46.1381735,139
Olivia Cain,15,305 Valencia Viaduct,Kennethberg,Kansas,35840,-123.074334,87.9048005,140
Jeffery Buchanan,23,9417 Flores Ramp,South Bradfurt,Florida,62228,18.980445,-42.834853,141
Michael Mckenzie,100,36846 Lori Trafficway,New Andrewport,Wisconsin,45619,60.615813,71.434704,142
Sara Scott,43,04635 Rodriguez Mission Apt. 885,South Nancyburgh,Iowa,52779,-136.277863,-55.9696,143
Taylor Wilson,9,9441 Hall Greens Suite 055,North Michaelborough,Virginia,53028,-122.602877,-52.0801875,144
Jaime Castillo,24,347 Clayton Knolls Apt. 245,North Thomas,New York,18772,55.50418,-41.974145,145
Andrew Castillo,84,5961 Hurley Path Apt. 274,Fitzpatricktown,Rhode Island,26314,-163.890397,47.914085,146
Rachel Price,70,9409 Alan Trafficway Suite 856,Coxstad,Delaware,85693,79.053418,50.933971,147
Michael Gonzales,71,748 Castillo Glens,Vanessaside,Minnesota,82037,47.010921,-70.5695405,148
Brandon Smith,2,8323 Steven Mills,Lake Philip,New Mexico,18618,-28.864302,-73.9254085,149
Diana Larson,84,2782 Estes Islands Suite 533,West Karenmouth,Alaska,78006,122.958533,-68.6036675,150
Kenneth Weaver,84,84751 Stephanie Mall Suite 236,Evansstad,Maryland,60707,86.071012,-23.9893405,151
Joseph Bell,34,65626 Chavez Gateway,Mortonmouth,Oklahoma,11771,103.402868,-34.6153675,152
Matthew Hanson,19,63795 Eric Canyon,East Vanessa,New York,17086,-37.881259,45.546033,153
David Sherman,88,532 Michael Greens Apt. 879,Pittsborough,Louisiana,25215,-160.904397,32.278024,154
Craig Vaughn,31,6861 Werner Stravenue Apt. 310,Richardsland,Arkansas,6554,158.103974,29.5086795,155
Jessica Holland,54,8853 Travis Vista Apt. 370,Charlesview,Kansas,81670,96.149503,-71.4837975,156
Nicole Roth,47,647 Jack Corner,Johnchester,Indiana,96816,-17.514186,-50.672476,157
George Martin,36,696 Johnson Port Suite 877,East Juliehaven,California,87973,-122.095523,-37.9657575,158
Steven Luna,83,1034 Austin Mountain,Jensentown,Alabama,90397,-125.91388,-37.499099,159
Kim Kennedy,83,29940 Pacheco Track Apt. 068,Fisherhaven,Utah,60919,10.434719,-65.241366,160
Nathaniel Walker,98,1343 Little Mission,Lake Shawnaton,Washington,58251,62.645892,-42.1103705,161
Eric Campbell,10,633 Le Parks,West Michael,Arizona,28953,-165.925084,58.749012,162
Sandra Tran,31,3934 Heidi Via Apt. 985,East Jonathanbury,West Virginia,83924,9.432047,39.918857,163
Natalie Williams,71,0089 Collins Freeway Apt. 147,Spencerside,Wisconsin,87247,110.564808,86.560066,164
Monica Wagner,38,97954 Jill Junction Apt. 124,Denisemouth,Missouri,67975,128.216992,10.488105,165
Michael Shah Jr.,94,274 Smith Flats,New Clifford,Massachusetts,16539,-93.566916,61.5823825,166
Karen Campbell,25,703 Hodge Oval,Hayesstad,Wisconsin,22146,-44.145921,41.0104485,167
Bruce Rodgers,37,534 Allen Mount,Spencertown,New Jersey,58986,84.175328,39.582102,168
Sonya Johnson,67,80698 Marco Junctions,West Shaun,Tennessee,65454,79.449112,-72.6243015,169
Anthony Hays II,60,14574 Cody Meadow,Friedmanberg,Massachusetts,26327,129.427657,18.9252155,170
Jeffrey Schmidt,98,478 Amanda Circle Suite 032,Turnerfurt,Nevada,4531,161.999326,12.5046785,171
Ebony Gray,20,912 Barnett Valleys,Marshview,Hawaii,2551,-170.329186,-88.698616,172
Troy Vaughn,75,43995 Dana Garden,Sheilafurt,South Carolina,79467,21.843395,-50.930315,173
Kimberly Henderson,60,795 Aaron Throughway Apt. 166,Christianview,Delaware,99674,163.944165,85.072816,174
Deborah Weber,43,23127 Thompson Drives Apt. 210,North Samantha,Maryland,43888,106.162007,-47.3151395,175
Danielle Wiggins,2,38680 Mayer Locks Apt. 928,Davismouth,Wisconsin,58361,-36.567757,-82.212434,176
Eric Hill,94,34477 Linda Keys,Charlesfort,Maine,42882,-133.964893,-71.507611,177
Jordan Rogers,38,5566 Connor Course Suite 462,Zacharyborough,North Carolina,61311,68.163514,64.6153455,178
Candice Gonzalez,68,41610 Benjamin Dam,Cranemouth,Alaska,3864,90.153423,36.9906725,179
Kristine Diaz,61,53133 James Locks Apt. 965,North Kyle,Delaware,12017,119.359801,89.6444105,180
Matthew Nelson,99,35327 Smith Brooks Apt. 609,New Daniellestad,Hawaii,55491,102.931717,44.8356145,181
Catherine Walton,71,82625 Jeremy Junction Apt. 700,Deanfurt,Kentucky,61395,-105.211758,4.5189615,182
Carrie Love,7,3909 Brewer Cliff Suite 841,Joshuaside,Rhode Island,72899,-66.199327,16.2917805,183
Jessica Smith DVM,73,2801 Vicki Station Apt. 214,Carrieton,New Jersey,64313,-97.435096,36.629082,184
Donna Mckenzie,45,724 Gonzalez Trail,West Jamesberg,Hawaii,54993,-140.604865,31.962414,185
Mrs. Natalie Krueger,50,955 Eaton Park,Jessicamouth,Wyoming,4130,57.358771,51.5240455,186
Christopher Lawson,60,507 Bryan Estates Suite 822,East Angelaville,Georgia,92622,39.246974,-60.134116,187
Michael Rodgers,36,4491 Beard Green,Suzanneton,West Virginia,71987,82.884461,-31.025193,188
Jennifer Morales,47,0486 Farmer Street Apt. 397,Robertabury,Indiana,34870,45.525497,-48.933801,189
Jessica Avery,92,22402 Richard Island Suite 052,Schneiderport,Alaska,84162,137.240461,58.1899265,190
James Robbins,78,27820 Michael Causeway,Cindystad,New Mexico,68846,-1.073278,75.505152,191
Ann Ibarra,57,482 Martin Road,Sanchezton,Colorado,95083,-34.496677,24.6555475,192
Curtis Wang,90,229 Jennifer Villages Suite 865,Martinland,Virginia,83646,-1.175339,-67.755981,193
Charles Nash,57,866 Deborah Flats,North Adam,Missouri,85067,129.862602,1.069152,194
Jennifer Brown,9,83095 Peterson Run Suite 922,East Timothytown,New York,2601,-45.011182,58.0877165,195
Joseph Vazquez,98,6379 Yolanda Villages Apt. 806,Annland,Indiana,58485,-26.710941,-59.510055,196
Brian Lee,59,935 Moore Field,North Jamieview,Indiana,38796,69.383951,-22.6487405,197
Jennifer Thomas,65,5748 Moore Shores,North Brendanside,New Hampshire,54442,-34.409404,54.46273,198
Kristen Harvey,12,550 Christensen Fort Suite 249,West Isaiahton,Hawaii,88637,142.940663,-22.3345815,199
Victoria Blake,58,73355 Castillo Meadow Suite 630,Mcneilview,New Mexico,14602,-29.764581,24.7683445,200
Hannah Tucker,23,1543 John Motorway,South Chelsealand,North Carolina,32502,13.640134,-51.655121,201
Ian Garcia,75,20622 Contreras Mountains,Santanaborough,Washington,69008,-0.724233,89.466517,202
Sarah Hicks,7,389 Tara Greens Suite 359,West Nicolemouth,Indiana,41397,22.773908,50.2515,203
Anthony Francis,69,1996 Christian Via,West Matthew,New Hampshire,39940,-20.869068,-74.1256885,204
Amber Gardner,9,044 Page Street,Tammyburgh,New Jersey,56180,120.996299,55.68567,205
April Harrison,7,14987 Lawrence Ridge Suite 638,Thomasmouth,Missouri,15879,72.72566,-65.564206,206
Traci Walker,77,16952 Andrews Divide,Jacobstad,Oregon,66933,134.575848,-55.938235,207
Jeremy Johnson,26,73979 Livingston Prairie,Lake Kristenberg,Nevada,74929,125.10873,10.8839805,208
Michael Mcdaniel,37,064 Miranda Ridge Suite 923,Port Debrachester,Mississippi,2327,-71.154212,47.4426345,209
Amanda Wang,15,1506 Penny Falls,East Kevinview,Missouri,20134,-84.021957,-83.7274325,210
John Potter,19,7657 Mitchell Brook,Bartonton,Alabama,56144,-54.756749,-36.1353685,211
Lisa Barrett,34,342 Kathy Run,Boydburgh,Kentucky,75982,22.461494,22.4756455,212
Matthew Scott,25,882 Mary Port Apt. 686,Port Rebeccamouth,Connecticut,11285,172.246136,20.2135095,213
Theresa Clark,18,55053 Jones Wells,Edgarburgh,Ohio,74339,-104.058036,61.1239905,214
Samuel Koch,44,71761 James Estates Suite 805,East Beverly,Utah,23188,36.463373,-81.5838785,215
Regina Chambers,40,05990 Johnson Heights,East Jeffrey,Maine,63150,158.630191,65.519583,216
Rickey Ramos,61,17173 Amy Road,Currymouth,South Carolina,24196,-150.35949,-53.616196,217
Paul Baker,83,740 Krueger Terrace,East William,Colorado,18032,31.070608,-79.9531195,218
Heather Hays,3,7695 Samuel Extension,Chanborough,South Carolina,46151,-161.849906,10.489639,219
Jason Houston,4,4542 Edward Drives Apt. 394,Port Karenmouth,Maryland,1031,-51.705841,-23.9507725,220
Jessica Floyd,29,7328 Tina Ways,Emilyview,Washington,32729,158.222127,-16.025794,221
Donna Callahan,81,91478 Martin Dam Apt. 968,Port Kristi,Idaho,27842,-107.046632,-21.488511,222
Heather Garcia,40,6128 April Square,Banksstad,New Hampshire,14602,98.840754,72.7504455,223
Paul Gomez,98,2912 Mckinney Groves,Buchananville,Washington,69238,172.189393,-40.1553155,224
Ryan Morris,91,827 Margaret Trail Apt. 526,Danielleburgh,New Hampshire,38267,-58.218912,-81.821941,225
Katherine Miller,51,649 Perkins Springs Apt. 599,Thomasborough,Nevada,53654,-107.919632,-87.884217,226
Shannon Flores,96,1149 Dylan Mission Suite 419,Thomastown,Arkansas,38094,-57.367283,-66.5419835,227
Anthony Greene,87,9863 Robert Bypass Apt. 434,New Bobbyburgh,Alaska,23842,-39.186173,-44.008302,228
Charles Bailey,78,34898 French Greens,North Nathanielview,Hawaii,46345,-138.186157,88.3500125,229
Brady Norris,51,2787 Fred Path Suite 751,Burkebury,Ohio,68287,-82.314663,-80.288989,230
Courtney Cook,79,25416 Walsh Course Suite 992,Dodsonport,Idaho,33695,104.74617,-3.6032205,231
Gerald Miller,5,932 Copeland Fort Apt. 047,North Susan,Vermont,87241,-106.830756,-3.7554135,232
Timothy Montgomery,78,2240 Martin Valley Suite 243,Jerryside,New Jersey,12123,-130.25411,-74.9413885,233
Kari Francis,85,956 Contreras Inlet Apt. 220,Donaldton,Hawaii,76884,119.063422,73.6406295,234
Jessica Cervantes,82,4513 Scott Forest,New Christopherfurt,Florida,64023,129.008501,-28.1767375,235
Gloria Callahan,37,90176 Kathy Crest Suite 974,New Matthew,Kentucky,65351,50.839921,-74.5913625,236
Kristen Hall,55,81679 Rebecca Isle Suite 261,Kevinfort,Alaska,67779,101.069675,-69.2860605,237
Cody Green,64,36923 Johnson Stream Suite 149,Ronaldstad,Connecticut,77226,-135.309927,28.0314695,238
Dalton Crawford,95,685 Jimenez Walk,Daniellebury,New York,39071,-32.213268,24.620222,239
Tammy Cooper,36,0696 Nicholas Manor Apt. 690,North David,South Carolina,81849,105.655484,-79.5373915,240
Amanda Ramos,8,0855 James Isle Suite 095,Jimmyside,Vermont,34977,38.706323,31.1777375,241
Mr. Christopher Velez IV,73,0482 Massey Squares,Lake Carlosstad,Arizona,54193,57.969507,83.338307,242
Christina Clements,35,39572 Shawn Lodge,Lake Emilystad,California,19345,136.810895,-47.525914,243
Hannah Mann,27,63645 Tucker Motorway Apt. 816,Lake Tiffany,California,23862,-70.458191,8.689677,244
Darrell Joyce,32,595 Steele Summit Suite 728,East Tiffany,Nevada,33887,146.32576,-83.8266015,245
Bryan Gibson,26,8007 Jennifer Manor Suite 511,East Matthewland,Nebraska,37265,-18.580135,15.7925035,246
Stephen Kelly,91,244 Nicole Common,East Caroltown,Alaska,5281,96.029183,-51.186053,247
Jason Chambers,68,909 Marie Heights,Mitchellfort,Indiana,25285,112.688733,48.697666,248
Sarah Beck,94,6929 Tammy Villages,Coxside,Kentucky,78467,-2.525598,58.117511,249
Anthony Garrett,31,10667 Richard Viaduct Apt. 006,Angelafurt,New Hampshire,73342,-142.917306,70.034723,250
Megan Sweeney,64,47781 Shaw Canyon,Wagnerchester,Connecticut,48360,-143.902027,11.620231,251
Ashley Jimenez,25,53684 Scott Route Suite 074,Goodwinview,Kentucky,8660,-169.5444,39.3860855,252
William Ross,88,7371 Booth Summit,West Robertville,South Dakota,43930,-125.377696,12.700577,253
Michael Ballard,14,68971 Maldonado View Apt. 635,Bennetthaven,Illinois,13943,154.737221,-33.99011,254
Amy Thompson,64,70805 Berry Mountains Apt. 047,Lake Christopher,Hawaii,77883,53.297572,74.620408,255
Brandon Henderson,70,686 Quinn Turnpike Apt. 804,North Kenneth,Alabama,42641,-17.462095,2.9263825,256
Anthony Anderson,17,30170 Emily Garden Apt. 425,Port Kaylee,Nebraska,23510,-69.864694,-35.9041695,257
Nicholas Bailey,82,049 Chavez Crossroad,West Brenda,Iowa,45149,71.523624,-20.98891,258
Toni Phillips,98,330 Katelyn Burgs,New Andreaside,Florida,98965,10.979868,-67.900428,259
Gabriel Simmons,67,92003 Andrew Flat Suite 889,East Rhondafort,Mississippi,988,-103.174559,-36.679366,260
Kyle Stewart,31,318 Darrell Groves Apt. 157,Glennview,Georgia,73231,-63.453337,70.273251,261
Michael Banks,42,03377 Watkins Flats Suite 524,Jacksonville,Texas,53187,-115.20627,-12.1742285,262
Heather Sandoval,86,350 Salinas Camp Suite 711,Dayfurt,Hawaii,39083,-27.8413,-25.56236,263
Willie Adams,6,3847 Brittany Courts,Port Hannah,Hawaii,71740,-33.317356,-43.1562305,264
Luis Gonzalez,15,18576 Frank Loaf Apt. 732,West James,North Carolina,29068,79.154894,-57.1859585,265
Natasha Barber,30,82560 Teresa Circle Suite 561,South Kevin,Pennsylvania,92679,-3.705385,-38.1293305,266
Kimberly Johnson,98,531 Jeremy Summit Suite 081,Booneton,Alabama,61572,-59.141213,-38.987183,267
Jennifer Williams,40,4058 Reyes Spur Apt. 255,West Morgan,Oklahoma,72346,4.258105,-76.2841285,268
Walter Villa,30,1356 Davis View,South Christine,Idaho,74503,125.591346,-1.2583175,269
Justin Williams,55,7878 Valerie Road Apt. 346,Deanberg,Georgia,61917,45.66762,4.3582805,270
Jason Lopez,86,529 Kathy Common,Michaelchester,South Carolina,22510,25.67891,34.6068605,271
Brian Fletcher,96,798 Taylor Mall Apt. 224,Kimberlyberg,Wyoming,90082,-99.454696,82.399782,272
Marie Schneider,76,94544 Brian Pines Suite 963,Bradleyport,Wyoming,64538,46.661965,73.9997465,273
Emily Wood,18,752 Hanson Cove,Palmerfort,Kansas,55982,-173.299264,-71.5168755,274
John Chen,61,08126 Steven Mall,Tuckerhaven,Virginia,11795,130.923119,40.1128305,275
Kenneth Schwartz,15,6837 Gray Flats,West Jonathanborough,Nebraska,15204,-96.233738,58.940281,276
Brent Pineda,45,0090 Barnett Mill,Campbellchester,Nebraska,90615,-136.182403,16.1244465,277
Jon Olson,3,595 Tracy Stravenue,Gomezville,Massachusetts,74753,98.374351,-23.1643675,278
Matthew Williams,10,855 Patrick Gardens,West Scottberg,North Dakota,80532,-137.038536,36.998733,279
Taylor Campbell,58,677 Charlene Island Apt. 891,Margaretbury,Ohio,35965,-50.042725,38.021775,280
Amy Graham,76,9296 Luna Fork,Martinezhaven,Massachusetts,6868,53.874679,4.266975,281
Michael Lee,31,8108 Laura Squares Suite 811,Blackfurt,West Virginia,57074,24.7971,-81.1287725,282
Allison Howell,99,483 Paul Spring Suite 333,Kyleport,New Mexico,9906,-99.904526,-87.594206,283
Mike Myers,88,68726 Calhoun Plains,New Tonybury,Hawaii,11286,-22.964775,35.857952,284
Jodi Miller,36,3353 Frank Harbors,Jeanetteburgh,Hawaii,19405,132.885205,25.96054,285
Carlos Gillespie,70,7460 Diana Brook,Jasonport,South Dakota,51903,-171.103105,-39.9219115,286
Dennis Gonzalez,55,557 Kelli Harbors,New Christopherstad,Kentucky,64596,67.419235,42.384097,287
Eric Sanchez,67,2314 Valerie Springs Suite 350,North Lisa,Oklahoma,86292,16.652918,23.3652225,288
John Greene,1,275 Lewis Creek Apt. 225,New Virginia,Tennessee,9879,69.029606,-29.884992,289
Jon Marshall,62,9095 Kimberly Squares Suite 332,Port Patricia,Arizona,53345,-125.078533,25.4502385,290
Patricia Lewis,88,0199 Tamara Expressway Suite 208,South Jose,Maryland,35549,-20.039763,-17.4175675,291
Mary Franklin,19,58027 Robert Cliffs Suite 138,West Zachary,New York,68713,-114.528401,-32.0214295,292
Nicole Evans,17,989 Simmons Trafficway Suite 319,Carlton,Iowa,88927,51.358991,-61.9622475,293
Andrew Adams,72,92433 Thomas Ports,South Michaelstad,Hawaii,60976,-80.993122,54.6313765,294
Debra Garcia,98,32373 Emily Trail Suite 101,North Davidbury,Colorado,88929,7.849944,44.906687,295
Tara Leon,2,56726 Shannon Road,Donaldmouth,Minnesota,52404,-96.120627,35.008602,296
Ashley Weaver,48,78071 Emily Garden,Jenniferland,Illinois,85475,-60.572436,-78.6777735,297
Gregory Fischer,55,117 Wilkerson Mission,Nicolefort,Florida,21021,-148.382707,42.281835,298
Mary Smith,62,7242 Keith Square,Tinaville,Kentucky,19003,148.847344,16.805433,299
Stephen Hughes,85,031 Susan Mills,Lake James,Vermont,86502,144.874865,-51.7682555,300
Nathaniel Castillo,42,8215 Sutton Field,Laurenstad,Oklahoma,24018,149.230788,-22.2775935,301
Hannah Buchanan,90,31794 Alicia Greens,North Taylor,Rhode Island,74414,-69.77954,-74.4867475,302
Laura Evans,9,3349 Lee Path,South Jesseberg,Maryland,68096,104.791822,-55.3515995,303
John Williams,18,4812 Baker Fords,Michelleburgh,Pennsylvania,74554,-13.132685,-24.5866565,304
Christopher Ward,10,2348 Dominguez Track,New Mariachester,Washington,99398,144.266237,-68.066657,305
Dana Rodgers,40,9188 Meadows Knolls,Juliamouth,Tennessee,6621,-86.253849,-16.047198,306
Abigail Martinez,29,9117 Charles Place Suite 832,Lake Brandon,Maine,37077,4.488062,-38.127771,307
Matthew Kennedy,33,899 Hines Mountains,Port Lauramouth,Delaware,85070,113.958243,3.210652,308
Eddie Moss,94,72546 Vincent Ranch Apt. 029,Martinstad,Wyoming,99685,161.654619,-89.214478,309
Barbara Callahan,44,04515 Daniel Prairie Suite 093,Kirbyberg,Kansas,40424,-41.585637,-80.7460385,310
Jill Smith,94,916 Steven Trace Suite 315,South Anna,Missouri,50326,-138.472926,40.2865595,311
Brenda Sanchez,95,3549 Miller Station,Meganbury,Ohio,5062,-110.703129,-74.4190835,312
Wendy Bates,22,51021 Garrett Estate,Lake Brittanyburgh,Maryland,8815,-37.066498,-0.7952725,313
Michael Tapia,80,463 Wilkerson Viaduct Apt. 213,Lake Robert,Michigan,18173,-100.646274,-57.394432,314
Brendan Carroll,66,661 Nichols Estate Apt. 282,East Dustinville,Montana,41646,85.43655,-82.6781565,315
Patrick Ford,40,433 Petty Squares,Riverafurt,Utah,20572,-18.763187,-88.2422065,316
Valerie Gonzalez,37,49699 Stanton Loaf Apt. 912,North Timothy,Michigan,12793,105.991001,23.3957365,317
Jason Johnson,85,381 William Street,Melissaberg,Michigan,72836,53.995164,13.569505,318
Michael Williams,79,1242 Haney Alley Suite 121,West Angelaside,Wisconsin,13825,-7.935183,-32.253559,319
Courtney Novak,57,7839 Whitney Stream Apt. 597,Meyershaven,Kansas,15088,-19.289386,39.916059,320
Timothy Scott,26,7890 Jason Parkways Apt. 613,East Kathleenbury,New York,23959,109.242695,-55.791933,321
Monica Gomez,25,55655 Brown Mission Suite 736,Nicolemouth,New York,95350,97.058437,-37.2336875,322
Victor Mitchell,31,90888 Oscar Via,North Albert,Utah,92823,148.48184,-41.5020725,323
Jennifer Smith,66,20932 Gonzalez Run Suite 383,West Christina,Maryland,96486,-158.731864,-82.4312395,324
David Willis,3,98079 Michael Port,Mccannmouth,Colorado,810,-69.746471,-74.5355245,325
Shawn Shaw,81,81008 Toni Greens,East Susan,Maine,75040,-52.129393,-3.152209,326
Scott House,34,67269 Jennifer Stream Suite 496,Olsonville,North Carolina,56559,118.134246,86.659127,327
Jamie Watson,67,72482 Tony Drives,West Laurenberg,Massachusetts,3345,28.921305,48.2335245,328
Brenda Reid,2,0269 Baker Lodge Apt. 903,Pamelashire,Indiana,77634,-111.054115,85.4295305,329
Henry Ford,20,509 Pearson Heights Suite 631,Martinezfort,Washington,85086,-173.745667,-4.5107635,330
Tricia Olsen,65,9339 Mccormick Vista Apt. 456,Coxport,Maryland,18413,128.42131,-26.977482,331
James Kaufman,81,8611 Cobb Way,West Curtis,New Jersey,43651,65.996868,16.053687,332
Stephanie Reese,68,29887 Turner Turnpike,Port Heatherfurt,New Jersey,93151,-144.602011,-86.9109325,333
Alice Watson,77,11149 Cruz Prairie,Lake Davidport,Colorado,88564,-138.140267,-2.040264,334
Ryan Oconnell,92,40487 Wilson Drive Apt. 738,Sallyside,Florida,21366,-178.298084,-27.576965,335
Justin Gibson,33,76031 Jimmy Course Suite 028,Kochfort,Oklahoma,63622,10.24747,9.855967,336
Tina West,2,0118 Gallegos River Suite 730,Port Angelaburgh,Illinois,51853,-13.209117,61.081075,337
David Wilson,96,242 Garrett Port Apt. 436,Port Michaelstad,Ohio,91959,82.540581,25.359854,338
Jesse Smith,12,440 Kathleen Motorway,East Kristin,Nebraska,97072,-105.136189,-52.7205005,339
Tammy Sanford,77,7118 Samantha Trafficway,Ginafort,Georgia,94975,-106.162921,-51.3259435,340
Cheryl Anderson,68,569 Dixon Crest,East Daniel,Florida,77115,-104.24688,1.7124835,341
Dr. Sherry Williams,25,75356 Alejandro Valley,New Tracy,New Mexico,17035,-110.021298,-89.0569865,342
Erin Freeman,46,493 Karen Spur,Port Peter,California,86088,-22.59002,70.7956695,343
Patricia Turner,88,82487 Tran Glens,Leefurt,Ohio,40102,79.40463,70.836548,344
Lisa Jennings,47,2590 Johnson Park,New Ashley,Kentucky,11990,-86.862728,-45.071826,345
Michael King,14,6456 Jennifer Fields,New Danielle,Texas,25774,-80.764217,-33.260723,346
Michelle Downs,85,149 Scott Extension Apt. 119,Benjaminburgh,Illinois,88496,-149.333218,-84.610602,347
Veronica Briggs,100,8640 Ryan Bypass Suite 015,West Jessica,Louisiana,61599,149.123373,12.524487,348
Benjamin Rogers,80,9207 Hunter Mills,East Haroldchester,Florida,63111,-87.906564,6.711914,349
Dustin Smith,52,32541 Franklin Roads,North Timothy,North Carolina,90523,151.68549,-38.062477,350
Vincent Schwartz,14,466 Maria Bypass Apt. 950,West Danielle,Pennsylvania,88580,128.14277,-61.929785,351
David Perry,96,1138 Wright Radial,Lake Nicholas,North Dakota,38062,-16.431953,-12.176121,352
Andrew Hill,53,58910 Raymond Brook,Lake Erika,Alabama,87089,-36.901471,-29.231015,353
Nicole Vega,27,443 Arroyo Plain,East Kayla,Idaho,52533,137.619533,32.9334655,354
Karen Cochran,65,77906 Joshua Crossroad,West Desireemouth,Nebraska,83696,171.948336,26.083135,355
Mercedes Adams,24,97726 Jonathan Shore,Harrisfurt,New Hampshire,58042,-68.175954,89.7383315,356
Jerry Mcintosh,3,197 Ryan Greens Suite 427,West Luis,New York,8908,-49.258327,34.3669615,357
Gerald Perkins,1,8262 Jones Causeway,West Courtneyshire,Kentucky,38699,75.808448,76.1966205,358
Elizabeth Martin,62,784 Amanda Causeway,Port Lindachester,Minnesota,44973,44.7439,34.52733,359
Antonio Sanchez,44,33579 Robinson Summit Suite 306,Garciashire,Minnesota,89574,-118.06754,-46.2305655,360
Veronica Rodriguez,51,8186 Bowen Village Suite 719,Joyceside,Washington,54733,-79.968097,32.0461805,361
Jorge Carter,50,478 Christopher Plains,Lake Donaldborough,New Mexico,24104,127.472768,44.315594,362
Lance Hernandez,24,346 Zimmerman Fields Suite 853,North Jeffreyside,Alabama,98905,154.323951,-10.02924,363
Earl Peterson,3,10471 Medina Inlet,Deborahstad,Alaska,38178,-32.317502,26.512087,364
Jessica Perry,85,14832 Adam Streets,South Richardmouth,Alaska,62215,-96.756847,8.1115935,365
Erik Jones,60,167 Bishop Loaf,North Rachel,Mississippi,71834,-78.870877,-6.3991545,366
Jill Smith,50,7128 David Road Apt. 882,Coleville,Michigan,61826,-155.246911,44.901895,367
Steven Nicholson,2,090 Valenzuela Pines Suite 816,Lisabury,Illinois,65414,-92.529607,-64.938046,368
Jorge Vasquez,12,699 Sanchez Extension,Rodriguezberg,Georgia,14964,103.379706,-32.80611,369
Peter Porter,66,465 Christina Shoal Suite 096,North Corey,Alaska,43123,-41.721524,14.057548,370
Anne Frank,29,3194 Rogers Mountains Suite 096,East Joseph,Wyoming,47870,114.907847,77.352563,371
Sharon Hayden,77,740 Livingston Trafficway,Williamsberg,Minnesota,11837,-96.075175,-56.609451,372
Ivan Gutierrez,5,3819 Shelly Dale Apt. 090,Kingbury,New York,24445,115.661063,-61.9401255,373
Angela Harris,59,78632 Elizabeth Brooks,Carlport,Utah,16477,-45.770036,-25.655096,374
Casey Peterson,78,56302 Jensen Burgs,Port Beverlytown,Delaware,39302,-171.384748,15.3659,375
Christina Johnson,78,86010 Moore Prairie Suite 726,Santoston,Oklahoma,57407,-108.828482,-18.375833,376
David Levy,80,0986 Matthew Pass Suite 237,West Timothy,Hawaii,89705,-178.841147,-63.889718,377
Beverly Howell,76,55247 Adam Port,Davidburgh,Montana,2776,166.967299,52.7226225,378
Michael Montgomery,19,415 Burns Course,Garcialand,Illinois,26815,-44.023602,47.881039,379
Michelle Hutchinson,1,84730 Anna Estates Suite 703,Philipchester,Kansas,55096,-127.787697,69.6053275,380
Catherine Kelley,51,502 Lucas Street Suite 335,New Michaelhaven,Alaska,58485,7.818902,11.148352,381
Denise Lewis,25,3815 Nelson Dam Suite 685,Heathfurt,Wisconsin,39048,13.194728,-71.2018685,382
Isabella Spears,40,7488 Sanders Mount Apt. 019,Mendezfurt,Georgia,42397,-36.42754,-29.0135795,383
Jennifer Weber,78,18648 Wright Extensions,Woodsborough,Tennessee,34709,-149.21158,-37.439288,384
Kelsey Williams,59,8772 Antonio Via,Evelynshire,Florida,93902,-2.719968,55.226319,385
Melissa Rogers,22,5926 Audrey Port,Kingborough,Wyoming,83316,108.900031,20.309686,386
Matthew Smith,55,3177 Christina Crossroad,Smithmouth,Rhode Island,73443,-12.594937,69.9271475,387
Rachel Goodwin,88,73856 Campbell Valleys Apt. 498,Gonzalezville,Delaware,64051,43.507027,-70.0570295,388
Matthew Garcia,74,1078 Edward Alley,Port Melissa,Missouri,60094,59.684731,72.835977,389
Denise Wilson,79,48603 Moran Rest,Grimesview,Wisconsin,16302,52.726247,18.201571,390
Antonio Knox,26,7177 Saunders Expressway,East Sierrahaven,Delaware,56878,-52.805352,56.959,391
Rachel Francis,36,349 Oneal Islands,Port Mitchell,Ohio,47678,-22.950013,-30.3798715,392
Jaime Johnson,27,282 Russo Extension,Cisnerostown,Missouri,43167,-169.430777,81.610281,393
Gary Harmon,63,9063 Lori Ville Suite 164,Port Joshuahaven,New Jersey,53972,-154.922509,4.4718335,394
Sydney Mcdonald,21,15079 Taylor Rest Apt. 931,West Carol,Idaho,37688,16.99588,-51.9266155,395
Michael Harris,6,882 Smith Trail Apt. 125,Simpsontown,Rhode Island,22351,35.858622,-77.466016,396
Jason Owen,58,95018 Tony Plain Apt. 949,Lake Nicholasville,Montana,22452,-165.089008,-25.053495,397
Matthew Cox,3,1653 Carpenter Neck,West Joseville,Michigan,95645,121.944161,-54.1975255,398
Holly Ellison,88,1770 Ronald Corners Suite 560,New Matthew,Georgia,14884,157.933825,34.413674,399
Aaron Logan,66,9323 Morales Isle Apt. 397,Ashleymouth,Idaho,84602,98.941971,-17.2672595,400
Jonathan Sanders,51,32743 King Lakes Suite 759,New David,Ohio,78038,-138.240528,-42.232579,401
Clinton Parker,78,852 Margaret Ranch,Myersland,New York,79304,-101.356654,-43.25222,402
Gabriela Ho,51,5140 Kelly Dale Suite 402,Thomasside,Kentucky,39398,177.008045,-49.1173195,403
Alice Mullins,58,82243 Powers Valleys,Port Jenniferborough,New Jersey,20514,104.155672,47.844939,404
Patricia Fox,55,746 Brian Ford,Lake Kyleburgh,Minnesota,35395,112.397696,32.7580185,405
Kyle Taylor,73,98441 Jaclyn Mountain Apt. 203,Daniellefort,Louisiana,46387,38.200708,37.523038,406
Kylie Mendez,47,333 Michael Path Suite 127,Morganmouth,Connecticut,47978,-91.053337,40.92089,407
Dana Ray,37,3145 Renee River Apt. 173,Millershire,West Virginia,99028,-74.254627,8.8169615,408
Megan Smith,88,01822 Andrew Way,South Bethany,Michigan,13966,-42.413251,-0.5382015,409
Megan Gibbs,88,0495 Hernandez Shore,Jenningsburgh,Vermont,22483,-34.431678,5.494147,410
Rebecca Robertson,70,64873 Diana Station Suite 514,West James,Colorado,47003,-100.572479,-32.08671,411
Barbara Roman,38,4869 Brooke Mall Apt. 153,Salazarmouth,Virginia,10997,139.637027,34.669802,412
Juan Collins,71,110 Mary Fall Apt. 180,New Yvetteview,Colorado,3081,-25.006792,-39.739165,413
Chad Allen,61,3158 Dunn Fall,North Todd,Ohio,75320,14.442653,7.1819345,414
Regina Reyes,39,151 Baker Ridges Apt. 682,West Timothyfurt,Louisiana,45128,-115.861059,-38.821841,415
Lisa Sullivan,54,588 Sharp Ferry,West Shelley,North Carolina,42919,52.360111,74.927396,416
James White DDS,58,680 James Ports Apt. 306,South Angelamouth,Tennessee,40584,-50.490182,33.7222205,417
Hannah Beltran,15,027 Joseph Corner Suite 170,Leachshire,New Hampshire,59826,134.326209,-69.432239,418
Vanessa Shelton,95,8683 Cox Square,Sheppardview,Connecticut,76666,111.762884,13.4073785,419
Stephanie Cole,80,0611 Charles Run Apt. 717,Shahbury,Iowa,34200,-20.850488,-25.4128295,420
Troy Morales,31,112 Alexander Cliff,Christyfort,Alabama,35308,104.66759,17.272339,421
Steven Jackson,94,746 Gonzalez Junction,West Vanessa,Arizona,64148,98.659471,-87.0846235,422
Patricia Griffin,40,706 Jill Locks Suite 751,East Johnborough,Ohio,54905,-170.693962,-0.3821235,423
Jody Thompson,55,697 Graham Roads,East Kristopher,Wisconsin,68951,-119.91396,-24.2653595,424
Mr. Garrett Singh,24,854 Paige Center Suite 051,Fosterville,Washington,52212,-176.595873,-74.9851375,425
Margaret Armstrong,73,901 Williams Prairie Suite 823,Bowenland,New York,61419,139.789466,-14.2163385,426
Vanessa Jones,10,70424 Lorraine Plains Suite 740,Lake Elizabeth,Maryland,67703,-10.019904,-78.6358025,427
Linda Arnold,52,68066 Jeffrey Knoll,Walshmouth,South Dakota,3983,147.865799,6.575563,428
Cindy Taylor,23,33981 Kent Valleys,Kellytown,New Jersey,87155,-161.763118,-64.7733155,429
Kim Lopez,42,583 Daniel Spurs,Liton,Colorado,63115,-89.759171,50.6698165,430
Jennifer Soto,33,168 Wallace Throughway,West Susanburgh,Arkansas,20480,-42.038924,-5.3685865,431
William Meyers,43,1855 Douglas Isle,North Brandontown,New Mexico,35718,-51.68966,85.13984,432
Justin Farrell,8,5336 Lynch Viaduct Apt. 415,Frankburgh,New Mexico,35900,-167.324213,-32.595205,433
Steven Roberson,53,129 Williams Views,South Richard,Arizona,44036,69.167751,76.5120075,434
Patrick Ryan,100,3083 Michael Mills,Carrollborough,Delaware,6598,-127.455562,60.891061,435
Natalie Thompson,58,48566 Stephens Spur Apt. 951,West Evan,Massachusetts,50050,140.606356,48.751488,436
Albert Davis,45,20605 George Parks,New Lisa,Mississippi,39862,-179.490746,18.7358195,437
Barbara White,96,45717 Herrera Unions,Melissaborough,Hawaii,6052,-119.893039,45.2104485,438
Stephanie Villanueva,64,7824 James Locks Suite 293,Garciaton,Virginia,60755,73.909753,88.1344745,439
Edward Leach,5,250 Ashley Pass Suite 080,West Meganchester,South Carolina,81896,-149.109553,-65.4343345,440
Todd Golden,41,66073 Hickman Way Apt. 694,Carolinestad,Alaska,92942,-96.719426,86.7934615,441
Mathew Brown,51,44194 Gavin Mountains Suite 063,South Robertbury,Mississippi,8409,-145.859685,-71.134824,442
David Reynolds,44,78044 Donald Pass,Zimmermanburgh,Massachusetts,94398,-14.063649,23.8191695,443
Jeffery Anderson,23,2608 Edward Oval Apt. 902,North Alexander,Georgia,73944,-129.277071,-20.684172,444
Craig Vasquez,45,879 Peterson Falls,Shahport,Connecticut,45189,-108.253416,-28.0563045,445
Hayden George,19,6984 Montgomery Trafficway,Greenburgh,Georgia,45581,-64.226003,-66.7590805,446
Mrs. Jacqueline Hall,96,72383 Jason Fork Suite 641,New Christina,Washington,8024,103.812105,-58.7313005,447
John Hawkins,44,1642 Hogan Courts,West Christopher,North Dakota,99590,40.990323,-61.284618,448
Katelyn Rogers,1,1940 Evelyn Forks,West John,Kansas,56281,-64.802566,67.1450415,449
James Pittman,61,56513 Schultz Fields Suite 904,Lake Johnmouth,West Virginia,49466,-63.445777,-88.659054,450
James Martinez,47,6637 Joseph Turnpike,Nicholashaven,Hawaii,66974,174.622463,25.61088,451
Sharon Howard,23,8905 Andrew Wells,Cameronstad,Wisconsin,71008,166.042112,-34.3719165,452
Joseph Jones,56,85302 Swanson Loaf,New Gregg,Missouri,10933,38.402375,68.523721,453
Edward Bailey,71,695 Hunter Dam Suite 280,East Melanieberg,Tennessee,8687,-77.811823,37.617449,454
Alexis Brewer,36,11431 Johnson Tunnel,Hollowayhaven,Colorado,85108,92.886262,80.4537965,455
Elizabeth Gonzalez,70,82318 Fernandez Ridge,Lopezview,South Carolina,25433,43.477908,73.008889,456
Nicole Williamson,62,50617 Smith Ville,Port Steven,Illinois,91144,-123.093457,78.295963,457
Dawn Gentry,69,50811 William Brook,North Randy,Wyoming,24800,34.653155,-89.1627725,458
Lauren Richardson,81,76996 Melissa Village Suite 045,South Rileychester,North Carolina,43082,146.120921,34.5430175,459
Jeffrey Holmes,30,35200 Michael Village,Port Lisa,New York,19171,-161.425277,-1.403476,460
Janice Short,1,22664 Melissa Stravenue Apt. 704,Mccarthymouth,Wyoming,34784,-169.215339,-45.867649,461
Jonathan Arnold,42,3251 Karen Square,New Kevinbury,Oklahoma,9977,-117.910794,28.0957325,462
Justin Jones,90,7819 Albert Alley Apt. 264,Murphyhaven,Wyoming,19911,-96.751529,81.9270435,463
Justin Gregory,47,093 Washington Mews,North Nicoleport,Iowa,97762,-34.238166,73.324135,464
Pamela Wallace,30,7132 Shannon Fields,New Rachel,New Mexico,65958,133.790222,33.097613,465
Kristen Maynard,76,719 Sharp Haven Suite 550,Matthewhaven,Tennessee,37749,-53.163824,68.6691735,466
Susan Parker DDS,51,466 Carter Shoal,Port Kristina,Illinois,18204,8.374332,-84.609309,467
Krystal Skinner,42,11307 Hill Springs,Farleyburgh,Arkansas,29606,-60.176373,-37.7275515,468
Jason Morris,70,2151 Thomas Curve Suite 443,Calhounstad,Wyoming,42725,-154.794712,27.7579825,469
Eric Boyer,67,840 Scott Lodge Apt. 481,South Carlaland,Connecticut,82829,-101.701244,-41.7654875,470
Steven Adams,60,23214 John Mews,East Patricia,Texas,97618,145.337154,5.1542155,471
Marissa Park,37,950 Summers Mountain Suite 965,Alexanderview,Vermont,42911,52.682557,-17.2944755,472
Antonio Acosta,10,4795 Jones Garden Suite 405,Port Jessicaville,South Carolina,64547,124.804113,18.2014315,473
Amy Molina,14,257 Samantha Knoll,Leefort,South Carolina,47280,141.667601,-61.8369705,474
Cody Miller,96,03728 Ernest Road,Sullivanville,Mississippi,8378,9.446415,-34.703945,475
Linda Gallegos,45,4332 Bailey Summit,Madelinemouth,Hawaii,22744,57.355635,42.895491,476
Patricia White,8,60575 Wilson Harbors,New Waltermouth,Georgia,9801,22.614558,-13.9033635,477
Sean Coleman,10,8278 Heidi Trail Apt. 987,Edwardmouth,Virginia,33294,-161.701998,-8.0642105,478
Caitlin Carter,48,11800 Chen Underpass,Ricardohaven,New Mexico,29833,-108.308018,32.110162,479
David Hicks,1,14579 Perez Shores Apt. 279,Cantrellville,Kentucky,84143,153.934688,4.5026825,480
Robert Perez,9,3678 Linda Falls,Curryton,North Carolina,21683,-131.283637,-13.8856095,481
Victoria Patel,90,899 Lewis Branch,Longland,Colorado,46140,-155.239179,-70.861755,482
Adrian Patterson,38,52075 Chase River,Port Richard,Florida,57111,-106.062425,26.6536255,483
James Norman,80,363 David Fall Suite 842,Lake Melindaborough,Montana,48637,140.37404,-55.761141,484
Mr. Brian Cooper,13,749 Anthony Trail,Strongville,Michigan,37788,36.479516,-40.778599,485
Michael Jacobson,68,041 Jenna Throughway Suite 298,Lake Victoriafurt,Arizona,63307,-110.437386,84.8234425,486
Rachel Baker,22,1168 Thomas Fords Suite 902,Barnesbury,Iowa,81386,115.50609,16.9641735,487
James Lewis,46,0231 Harper Causeway,North Kimberlyport,North Carolina,74888,38.571285,-39.9989565,488
Christina Sanchez,74,54147 Stark Turnpike,Lake William,Illinois,85895,-116.628618,-78.8440915,489
Judith Brewer,76,78625 Hamilton Mall,Douglasland,Delaware,13097,-112.814962,22.099752,490
Charles Jones,18,613 Darryl Stravenue,Spencerside,Massachusetts,57109,28.418051,-3.220996,491
Thomas Lawrence,83,90198 Thompson Street,Bruceborough,Vermont,48854,143.441019,-79.048936,492
Christian Hill,42,3266 Kelly Passage Suite 417,South Annetown,Wisconsin,62266,-18.259401,77.583984,493
Mary Robinson,40,3703 Jonathan Corner Suite 789,Bradleytown,Oregon,70832,17.885616,-59.7520105,494
Nathaniel Harrison,21,70527 Bond Forks Suite 125,Osbornetown,Wisconsin,87104,29.172811,-6.6090005,495
Amanda Wang,35,79077 Christopher Mountains Apt. 840,Fraziermouth,Missouri,39657,-174.259776,24.9745015,496
Yesenia Moreno,46,5653 Kendra Ford,Lake James,Hawaii,75535,127.562377,31.419569,497
Jennifer Owens,88,314 Cheryl Spur,Martinchester,Oklahoma,28502,-149.437004,84.3821695,498
Douglas Avila,65,49207 Brian Crest,East Craigview,Nebraska,52717,91.209288,10.672763,499
Mark Wu,79,72760 Anderson Hills,Port Gary,Texas,7198,176.154964,-87.228516,500
Lawrence Graves,78,933 Carlos Vista,Ramirezton,Washington,71347,95.523276,40.3621855,501
Laura Hernandez,23,6549 Peters Pines,Adamsville,Missouri,7754,161.67854,52.9216795,502
Tyler Taylor,30,60260 Aaron Meadows Suite 231,Thomasburgh,Oklahoma,77082,45.912781,32.4976435,503
Vanessa Perry,42,58666 Amanda Landing Suite 474,West Raymond,Texas,46718,153.130286,-0.0103485,504
Jessica Smith,92,8922 Michelle Vista Apt. 896,Brendastad,Massachusetts,29445,145.641149,-26.068396,505
Edward Ortiz,80,267 Peter Highway,South Jessetown,South Carolina,85152,-59.787974,-73.504063,506
Chad Wang,68,657 Sherman Mission,Lake Donald,Montana,97096,-149.456707,-20.0055235,507
Emma Hall,89,3749 Allen Grove Suite 218,West Alex,Pennsylvania,36336,-40.719841,-37.0134445,508
Robert Murphy,59,816 Deanna Row,East Tracey,Florida,52076,59.407573,-39.5370085,509
Corey Lopez,12,723 Janice Underpass Apt. 258,West William,Washington,27021,-82.088682,-39.9855205,510
Amber Riley,86,446 Jacqueline Junctions,North Tarastad,Iowa,93442,27.043014,-77.820881,511
Matthew Peters,12,484 Horne Gateway Suite 802,South Christine,Alabama,96175,61.498214,13.978408,512
Joseph Hartman,91,4357 Hammond Ways,Tamaraville,Louisiana,17976,172.379917,13.169311,513
Jessica Thomas,48,3091 Thompson Village,Maryburgh,West Virginia,79606,-114.101347,49.0967765,514
Chelsea Conrad,71,611 Fernandez Locks,Edwardchester,Illinois,11290,-44.41198,-26.34618,515
Alexis Mcintyre,80,23054 Gray Inlet,East Don,North Dakota,2243,-178.365339,66.2088605,516
Elizabeth Lee,6,880 Kimberly Street,South Ericton,Tennessee,67477,-41.550105,21.297054,517
Stephanie Johnson,40,7884 Berry Route,Bethchester,North Carolina,53188,-20.08504,-24.3472295,518
Michael Foley,29,9983 Fields Spurs Apt. 313,Mckeemouth,New York,74740,15.864987,78.5375845,519
Thomas Welch,14,715 Kimberly Ways Suite 509,Elizabethport,New Jersey,39591,83.464613,-64.139951,520
Richard Greene,94,339 Horne Lake Suite 118,Port Vicki,Tennessee,53606,-119.851563,-18.81716,521
Jennifer Maxwell,29,0689 Brewer Glen,Travismouth,Virginia,70145,112.710468,33.0123495,522
Amber Salinas,81,362 Anderson Alley Suite 761,South Michaelland,Montana,65464,113.399013,-40.1674835,523
Sonya Villanueva,81,6483 Pacheco Landing,Petersonshire,Nebraska,51949,99.145448,65.260246,524
Jennifer Pennington,40,245 Jacobs Neck,New Christopherville,Oklahoma,61469,-41.923022,57.2254915,525
Dustin Barton,91,8489 Reynolds Forge Suite 776,North Stephanie,Colorado,1085,-62.474511,-21.3625555,526
Amanda Russell,6,1625 Riley Turnpike Apt. 087,Christianchester,Arizona,2266,148.618107,19.0438365,527
James Irwin,71,57622 Green Extensions Apt. 740,Gilbertmouth,South Carolina,54054,-133.847761,-57.906885,528
Leah Austin,47,3064 Wanda Burg Suite 909,West Robert,Nevada,91262,-80.207718,-84.951847,529
Joseph Ellis,58,414 Frey Plains Apt. 075,Port Christopherfort,West Virginia,39946,-63.859071,-75.174202,530
Jo Wood,39,67300 Steven Tunnel Suite 415,Port Maria,Missouri,84705,98.778041,71.2824185,531
Ryan Carroll,92,86497 Case Drive Apt. 064,Lake Justinberg,North Carolina,59314,68.898163,-1.5657,532
Jessica Allison,75,88365 Christopher Locks Suite 060,Port Timothy,Colorado,55318,2.769818,13.867297,533
Ashley Wilkinson,79,91339 Marshall Prairie Suite 728,Mitchellmouth,Arkansas,71511,79.651463,-89.6128935,534
Lauren Howell,32,3489 Hubbard Roads Suite 647,Kirstenside,Idaho,24488,-8.428447,49.160709,535
Alexander Ford,84,8033 Walton Field,Lake Tiffany,Maine,40233,77.320647,-59.263605,536
Briana Phillips,4,11141 Richards Unions,Jacquelinemouth,Nevada,25564,-32.439305,18.4759475,537
Margaret Gordon,84,40059 Heather Underpass,South Kenneth,Kansas,87992,132.621692,-72.9722925,538
Christopher Morris,62,99834 Chelsea Tunnel Apt. 270,Port Cherylberg,North Carolina,83390,72.93904,72.0104545,539
Raven Jones,93,7703 Jose Trafficway Suite 730,Cindyhaven,California,47129,-153.702628,73.1964165,540
Susan Guerra,56,44205 Murray Mills Suite 578,South Matthew,Kentucky,58114,120.789488,10.02372,541
Dana Grant,87,99545 Gregory Burgs,Dyerton,Maine,41701,-28.649552,-62.4739835,542
Mary Castro,16,9820 Jonathan Extensions,Sherryberg,Arkansas,54153,27.570457,59.5778225,543
Andrew Bell,81,0964 Danielle Fall Suite 030,Hunterview,Oregon,46150,13.830397,-38.883683,544
Jim Cruz,86,62836 Santiago Isle Suite 920,North Charles,Maine,87428,-113.344906,-36.0470135,545
Paul Mullins,62,54559 Morales Hollow Apt. 119,North Jacqueline,Iowa,83059,28.522703,87.4722155,546
Nicole Silva,76,06289 Brandon Square Apt. 996,New Kevinchester,Oklahoma,58569,-89.585581,-28.561417,547
Shawn Jordan,55,4124 Thompson Turnpike,North Samuelbury,Tennessee,12564,154.938597,-56.0931325,548
Richard Moore,21,66553 Murphy Fields,Malonetown,Indiana,62557,-5.959018,21.162911,549
Amy Walker,91,3941 Ryan Ridges Apt. 666,Amandaton,Ohio,93886,-126.46192,-41.916193,550
Jennifer Rice,65,1327 Robbins Cove,New Derek,Mississippi,63096,-38.370905,61.025123,551
David Archer,72,811 Elizabeth Hill,Ryanland,Michigan,23515,49.454948,89.135477,552
Elizabeth Martin,11,59992 White Oval Apt. 800,Port Rodneyberg,Colorado,45539,170.99795,-59.5882715,553
Charles Blevins,3,364 Katherine Meadow,Jamesside,Pennsylvania,41817,-69.222887,57.3987425,554
Maureen Swanson,12,067 Hansen Trail,Matthewberg,Connecticut,69366,135.491194,-82.897869,555
Isaiah Smith,28,7619 Henderson Road Apt. 723,North Kathryn,Alaska,97547,34.287983,40.992072,556
John Rich DDS,45,79141 Gary Tunnel,Lindseyshire,Montana,54538,-70.763412,-72.534352,557
Miranda Flores,8,02563 Kevin Common Apt. 133,North Reginald,Maine,3867,-128.087994,34.770754,558
Andrea Cochran,28,7966 Caleb Burgs Suite 328,Port Eric,Iowa,3031,-3.636085,-88.549355,559
Kathleen Green MD,62,134 Steven Springs,Michaelhaven,Maryland,56725,-91.947841,5.124419,560
Sara Wyatt,8,89398 Victoria Trace Apt. 766,Hoffmanborough,Wyoming,47943,-144.067582,-10.0271925,561
Andre Goodman,12,6369 Katherine Road,North Paige,Washington,58760,104.224889,72.7608485,562
Dale Scott,19,0759 Roberson Radial Apt. 981,New Jamesport,Montana,29173,122.982286,37.7296505,563
Dawn Gentry,56,0286 Edward Avenue Suite 992,New Paulmouth,Missouri,97882,-116.019181,-54.6934185,564
Kimberly Hines,52,99649 Grant Lane,East Lisaland,New Hampshire,77689,12.496229,28.966871,565
Kurt Martinez,72,0230 Frank Park,North Jenniferside,New York,61489,-15.889491,5.225167,566
Brad Donovan,53,53027 Lauren Rue Suite 291,Lake Peggyview,Arkansas,76031,-76.635147,61.8805555,567
Austin Rogers,21,282 Jones Rapids,Ashleymouth,Michigan,38901,177.060054,-35.8369705,568
Ann Reed,50,671 Taylor Course Suite 382,Mcdonaldville,West Virginia,48247,-76.743638,-18.687553,569
Elizabeth Graham DDS,1,2361 Roger Unions,Lake Elizabeth,Connecticut,16591,-145.495689,74.4523235,570
Jennifer Moody,74,488 Robinson Parkways Suite 867,Lake Cynthia,Idaho,75832,-47.86882,36.253659,571
Kevin Chavez,63,908 Jensen Station Apt. 634,Jacobschester,New Hampshire,87386,-128.472011,88.630865,572
Christine Ellis,99,21934 Miller Bridge,Meredithberg,Oregon,36471,-99.342383,1.011034,573
Brianna Wright,61,3349 Kimberly Bridge,Micheleside,Michigan,16410,-155.176076,-29.5791255,574
John Owen,29,8868 Spencer Pines Apt. 564,Phillipfurt,Virginia,39580,138.744654,65.520022,575
William Jenkins,58,15602 Camacho Parkway Apt. 326,West Brian,Oklahoma,39890,33.558065,-34.9793215,576
Mark Brown PhD,90,24943 Victoria Unions,South Marcberg,Washington,95050,167.549575,89.596022,577
David Mathis,61,66554 Perez Drives,North Hannahton,Montana,36449,-32.64395,-40.012061,578
Martha Sexton,35,3863 Ronald Ports Apt. 548,Lake Christine,North Dakota,69927,-32.79758,9.97387,579
Carlos Webb,30,126 Kelsey Radial,Josephburgh,Ohio,7037,-37.949774,69.2820105,580
Rebecca Silva,60,3073 Dylan Islands,North Derrickberg,Minnesota,31343,-19.822678,8.2746205,581
Sandra Walsh,62,19811 David Expressway Apt. 131,Port Laura,Florida,35742,-147.494527,-4.8704815,582
Dorothy Graham,73,2644 Theresa Square,North Christopher,Georgia,75053,112.153887,-53.494869,583
Sara Ruiz,44,393 Martin Inlet,North Kimberly,Texas,3825,-178.684065,-57.693349,584
Derek Gonzalez,36,5469 Debra Falls,Perryville,Minnesota,19781,67.642851,77.057315,585
Jon Duarte,68,560 Michael Shores,North Alexanderport,Arizona,76253,-82.191226,-68.2540515,586
Timothy Becker,59,02197 Hannah Camp Suite 879,Kaufmanborough,New Jersey,36312,49.262604,62.439534,587
Kelly Johnson,90,836 Nathaniel Inlet,Andrewchester,West Virginia,89393,74.039964,68.1503025,588
Justin Russell,91,8913 Jessica Heights Apt. 908,Loriview,Rhode Island,98940,157.083788,42.9548985,589
Kevin Mccormick,72,31827 Elizabeth Street,South Josephfort,Florida,45231,106.062705,77.694756,590
Andrew Moore,37,0702 Tonya Street,Fostermouth,North Dakota,10368,-13.481014,64.9171545,591
Michelle Bailey,54,1955 Judy Mount Suite 041,Port Erin,Arkansas,86376,16.628112,27.241009,592
Eric Medina,20,13144 Elizabeth Ranch Suite 030,North Christophershire,New Hampshire,56534,92.844648,-54.611701,593
Rebecca Williams,78,8873 Michael Street,Diazhaven,Hawaii,21386,-0.565648,39.582169,594
Michael Sutton,28,61785 Johnson Mill Suite 191,West Stephanie,Alaska,7570,103.975933,-29.923806,595
Kylie Woods,28,357 Porter Plains Apt. 139,Williamhaven,Minnesota,41759,-157.328167,-35.0999685,596
Glenn Wilson,38,62041 Nathan Springs Apt. 604,Matthewchester,Kentucky,7890,45.685271,-80.0727055,597
Patricia Mcmillan,70,52397 Osborne Brook,Smithberg,Missouri,16304,-179.026325,-45.336507,598
James Nguyen,93,3356 Maria Ports,Parkerhaven,Virginia,44506,-95.781835,-57.498636,599
David Saunders,69,5108 Miranda Ports Apt. 084,Lake Timothyfurt,Maine,70799,-96.597656,-86.351686,600
Allen Short,14,0806 Rivera Meadow,Smithland,Wisconsin,96587,-65.216065,-76.5487875,601
Melissa Torres,74,02620 Santos Shoal,Loriberg,Iowa,40991,122.821566,22.1479335,602
Brenda Wright,62,92445 David Shore Suite 108,Hannahstad,Hawaii,69427,75.604263,-24.9410175,603
Erin Frye,79,94470 Heidi Burg,East Janet,Washington,89797,-116.85006,77.4263565,604
Michael Huffman,40,78848 Brian Station Suite 144,Toddburgh,Tennessee,35106,13.359603,14.187778,605
Jeff Ross,26,64965 Cooper Well Suite 102,South Christopherville,Mississippi,60833,24.434422,-33.1247,606
Angela Jimenez,59,13210 Tiffany Harbors,Bowersburgh,Florida,84056,73.351717,80.1269195,607
Charlene Marshall,71,823 Nathaniel Rapid Suite 193,Brendanborough,Idaho,35283,92.840322,-48.871584,608
Ashley Hunter,97,76782 Kimberly Rue Apt. 556,South Lauraburgh,Illinois,99268,168.827617,-72.6814295,609
Joseph Barnett,13,0826 Daniel Drive Apt. 566,Andrewmouth,Minnesota,39064,-145.564036,-62.251492,610
Donald Quinn,13,5303 Dorothy Lake,Shermanton,Alabama,82578,-97.168477,-87.786186,611
Jessica Boyd,50,1931 Mcmahon River Suite 402,Emilyside,Maryland,88017,-156.944108,20.777938,612
Steven Jordan,92,50357 Travis Ridges Suite 813,Hornmouth,Texas,49891,-94.5754,-66.560383,613
Roy Finley,53,47963 Brian Hill Apt. 554,Edwardshaven,Tennessee,96507,12.218066,-32.9414415,614
Clifford Greene,87,56353 Bennett Street Apt. 168,Port Danielview,Missouri,23858,-161.626391,66.4740735,615
Holly Moore,32,201 Robert Causeway Apt. 151,Kylemouth,Tennessee,52662,-164.014993,-64.5937465,616
Steven Miller,98,01415 Barnes Place,Port Kelsey,Colorado,64192,-162.911109,55.39289,617
Thomas Reilly,90,4776 James Lane Apt. 349,Schroederfort,Indiana,42822,70.943328,-18.5036955,618
Jill Rodriguez,24,80434 Alexander Radial,Morenoburgh,Pennsylvania,26933,158.004273,-39.1330285,619
Melissa Smith,88,541 Schmidt Islands Suite 273,Lake Michael,North Dakota,86160,127.307394,89.350141,620
Leslie Becker,62,9027 Poole Lane Suite 883,South Haydenberg,Indiana,42948,87.011086,30.6845535,621
Michelle Johnson,98,453 Grimes Points Suite 905,Lopezshire,Colorado,58308,-33.716097,5.7841535,622
Donna Wilkinson,36,086 Vanessa Summit,East George,South Carolina,76289,-42.589247,1.6243405,623
Aaron Gonzalez,37,399 Charles Loaf,Port Ericview,South Carolina,86478,71.515205,-64.263408,624
Keith Miller,65,72012 Sanchez Island Apt. 905,Stephenchester,Minnesota,44847,149.245235,-0.5288215,625
Marcus Cole,60,62453 Nicole Forks Apt. 341,New Karinaside,Ohio,91806,-134.24038,-64.128995,626
Mr. James Rubio MD,40,098 Scott Lodge,Bakerstad,Utah,61441,174.391177,-38.1785445,627
Antonio Levy,49,06131 Heather Isle,New John,Nebraska,66585,-112.471381,70.279607,628
Benjamin Edwards,70,6044 Cheryl Plains,Huffton,South Carolina,62065,-104.370335,51.1009915,629
Dawn Mccormick,52,45497 Alexander Points Suite 994,North Jessica,New Hampshire,77764,-103.961628,30.2597745,630
Luis Shelton,88,6838 Kenneth Row Suite 985,Loweside,New Jersey,66002,12.470534,50.4012425,631
Jonathan Thompson,98,89047 Fisher Junction,Shannonfurt,New Jersey,76906,-14.874537,6.093818,632
Anthony Gilbert,71,23059 Katherine Valley,Derekview,Nevada,59347,124.392821,-5.6213675,633
Christy Osborne,68,836 Brown Lights Suite 459,Williammouth,Virginia,72827,126.765082,64.7216675,634
Raven Moore,29,71137 Cummings Underpass Suite 442,Liville,Massachusetts,3729,8.17109,44.2352825,635
Rachel Dunn,10,8483 Wiley Turnpike Suite 558,Parkfort,Michigan,41149,113.481146,19.130734,636
Robert Rivera,79,0718 Nunez Village Suite 138,Bryantbury,Ohio,52274,88.098496,54.227629,637
Tanya Walker,51,4624 Ponce Park Apt. 561,Port Chris,Virginia,32704,150.069539,-15.624432,638
Christy Bailey,76,0614 Sims Circle Apt. 636,Jonesmouth,Arkansas,69705,127.900306,17.976868,639
Daniel Herrera,18,2033 Robert Land,New Samantha,West Virginia,40462,-52.281792,-54.417352,640
Nancy Kennedy,45,50122 Lisa Villages,South Ralphburgh,Minnesota,83831,131.978518,24.491944,641
Tyler Mendoza,37,57106 Susan Path Apt. 830,Fordfort,New Mexico,30935,-147.42894,46.932768,642
Dale Griffin,9,81186 Golden Stravenue,Francisstad,Delaware,50136,3.453537,37.912334,643
Brian Olson,49,5530 Ricky Trace Suite 969,Ericport,Minnesota,62067,-94.324614,69.068985,644
Richard Burke,67,0937 Eric Extension Suite 284,South Stephanie,South Carolina,25626,-59.278917,52.78449,645
Marissa Foster,27,1015 Deleon Stream Suite 918,Thomasberg,Colorado,24709,-110.054603,-78.049815,646
Brian Atkinson,33,05735 Shane Square,New Richard,Wisconsin,67208,94.533456,4.951895,647
Tamara Higgins,46,1844 Mills Turnpike,Cookborough,Idaho,99414,-7.809685,31.8899555,648
Renee Freeman,25,66405 Sarah Freeway,West John,Maryland,78648,-128.370723,-24.358476,649
Mr. Ryan Alexander,73,5261 Emily Canyon,Lake Eric,Indiana,80441,37.326237,-60.18966,650
Jimmy Orozco,76,903 Beth Run Suite 238,Amberfurt,Michigan,91434,171.268942,13.7796175,651
Justin Jones,82,63101 Webb Cape,East Michelle,Delaware,4055,-162.431689,-87.033037,652
Antonio Ortega,67,00507 Gina Trafficway,North Williamtown,Kentucky,7719,152.898408,-66.941521,653
Greg Camacho,44,5694 Torres Views Suite 896,Port Joanna,Illinois,33535,-11.166874,-63.9494215,654
Sherry Vazquez,61,932 Kenneth Forges,Natalieberg,New York,94742,153.068431,56.1259405,655
Michael Beard,36,998 Susan Rue Suite 491,Lake Danielland,Minnesota,75434,-114.472521,39.9373315,656
Megan Mcbride,96,08674 Hannah Trail,West Kaitlyn,Montana,44145,-67.610574,11.7721315,657
Joseph Ortiz,75,92073 Stanley Creek,Spencerport,Rhode Island,88941,154.011077,-60.2538295,658
Erin Zuniga,21,35135 Strickland Pine Suite 255,Gilbertville,Michigan,6080,-111.58205,69.630979,659
Lindsey Clarke,57,432 Reed Road,Smithton,Oklahoma,63127,152.554027,36.755004,660
Larry Long,58,9004 Alex Locks,Debramouth,Missouri,76431,-140.958416,-48.4825285,661
Brian Maddox,71,4975 Nichols Pines Apt. 721,South Patrickchester,Kentucky,82354,-68.013324,52.8356615,662
Brendan Nguyen,61,20126 Baker Villages,South Margaret,Georgia,48894,-16.513953,26.5032555,663
Rhonda Maynard,59,7805 Wilson Center Suite 403,Kaitlynfurt,Michigan,46148,-16.225064,73.5919325,664
Tyler Johns,46,25370 Blair Tunnel,North Coreystad,Tennessee,97496,50.713868,60.728143,665
Jennifer Thornton,22,0463 Andrew Ville,Kristenport,Colorado,43396,58.139823,-83.8217775,666
Maria Nicholson,83,59690 Kurt Square,North Charlotte,Pennsylvania,62522,87.788822,58.510867,667
Mrs. Alicia Wright,88,755 Rachel Crossing Apt. 262,South Robert,Idaho,52745,11.151208,-0.632713,668
Ashley Brown,87,563 Silva Fort,Zacharytown,Idaho,83114,-57.345793,39.1165165,669
Alex Wong,2,23290 Arroyo Tunnel Suite 787,Port Andrewside,Oklahoma,87512,18.738823,-54.525704,670
Daniel Horton,33,80836 Kayla Flat,Sheriberg,Alaska,71533,138.877798,5.509902,671
Brenda Hamilton,61,3256 Mary Crossroad,North Jamesburgh,Idaho,41947,-160.80796,10.44996,672
Stacy Gonzalez,34,802 Jessica Road,New Eric,Washington,49651,-108.615758,64.576114,673
Tara Cruz,81,599 Richard Roads Apt. 519,Raystad,Arkansas,12202,112.106982,80.356932,674
Andrea Gould,15,105 Gregory Parkway Apt. 831,Jonesberg,West Virginia,70146,-128.576312,76.695277,675
Carl French,51,96789 Christopher Flats,Snydermouth,Nebraska,61129,159.709043,-79.366438,676
Justin Underwood,81,349 Dean Lake Apt. 719,New Jasonchester,Hawaii,99284,-98.980447,29.776373,677
Joseph Herrera,59,450 Farmer Lakes Apt. 794,Pittmanborough,Colorado,24560,35.555804,82.0735105,678
Haley Hodges,47,484 Martin Islands Apt. 283,Lake Richard,Iowa,69167,-73.661133,86.9349785,679
Connie Vasquez,91,632 Sonia Groves Apt. 282,East Blake,Arkansas,30557,-164.762166,-74.8152575,680
Anthony Compton,48,1340 Vincent Route,East Matthewburgh,Washington,88235,146.819306,-21.396428,681
Holly Ibarra,70,894 Amanda Valleys,Corybury,Illinois,60014,64.98573,-38.9341435,682
Justin Dominguez,97,129 Lewis Estates,Port Bruceborough,Pennsylvania,61812,-16.801567,12.107911,683
Vanessa Rivera,59,612 Whitney Street,Hubbardmouth,Florida,70088,82.297412,58.589853,684
Crystal Perez,90,32177 Joanne Landing Suite 714,Dianafort,Nebraska,45966,83.586628,42.2622025,685
Bradley Miller,71,0659 Morgan Views Apt. 447,New Biancaview,Mississippi,94618,-73.428679,-88.4294405,686
Christopher Harris,36,7518 Hernandez Flats Suite 089,Maryfurt,Arizona,85218,66.150909,-46.11715,687
Michelle Boyd DVM,97,68557 Mcgee Mill,Murphyfurt,Vermont,79829,-12.902915,45.40417,688
William Cunningham,96,5621 Walter Canyon Suite 923,North Mercedes,Wisconsin,25965,-117.568514,24.588957,689
Mary Castro,15,6349 Vickie Course,Austinport,West Virginia,45946,40.695451,31.717169,690
Brady Martinez,5,2025 Kelly Gateway,South Elizabethhaven,Ohio,74545,168.730044,43.8252735,691
Zachary Hanson,50,68748 Julie Burgs,Jennychester,Illinois,84317,-138.029614,-74.912423,692
Brian Moore,78,54432 Stephen Lock Suite 072,Everettview,West Virginia,76805,127.815958,66.034048,693
Pamela White,47,25352 Michael Summit,Victormouth,Maine,9128,68.524151,80.623353,694
Tiffany Johnson,19,1816 Annette Underpass Suite 996,Espinozabury,Massachusetts,24472,5.672754,52.5315605,695
Scott Perry,14,4728 Mary Lights Apt. 132,Colleenton,Georgia,63592,-71.048752,-33.6852335,696
Kathleen Mills,58,04649 Ann Terrace Apt. 875,East Darrell,Vermont,92454,19.681791,-67.2432405,697
Mark Perry,88,98283 Shannon Track Apt. 715,New Mitchell,Rhode Island,28005,-151.10072,-64.7741705,698
Miguel Bruce,68,82657 Leonard Rapid,Deborahfurt,Alaska,82144,25.494513,46.639066,699
Vincent Robertson,99,3427 John Mount,Gravesshire,West Virginia,13218,165.005149,-4.7461085,700
Willie Stanley,66,3087 Reed Plain Suite 038,South Catherine,Colorado,77721,-37.277267,37.1017745,701
Jason Brown,37,1631 Grant Manors Suite 508,Walkermouth,Ohio,14916,-19.473068,10.0469625,702
Kara Williams,76,7259 Garcia Islands Suite 482,North Joan,Nebraska,75466,117.705289,-63.1947595,703
Connie Gomez,41,12786 Marvin Harbors Suite 141,Lake Barbara,Utah,53093,-107.833744,-66.030223,704
Shawn Moore,17,093 Bradley Crossroad Suite 358,Kennethstad,Nevada,28765,50.756664,-69.4274775,705
Peter Webster,60,3887 Perry Ports Suite 307,Nicoleville,Colorado,40927,-20.930584,73.460774,706
Mariah Martinez,22,42984 Moore Port Suite 750,North Samanthaton,Wyoming,12294,-160.583394,2.3070185,707
Bobby Wilson,40,45859 Davis Brook,Marksburgh,Rhode Island,64083,49.206071,61.976899,708
Tiffany Olson,89,924 Susan Fords Apt. 152,Fosterton,New Jersey,73538,-91.970582,49.930999,709
Leah Williams,50,09094 Brittany Lake Suite 143,Brooksmouth,California,6465,76.328478,-39.352468,710
Jillian Williams,92,72931 Darren Expressway,Donnaville,Florida,16895,149.636037,43.533549,711
Krista Barr,51,83125 Martin Extension Apt. 255,East Alexander,Colorado,63907,172.531622,30.802395,712
Ryan Donaldson,58,94039 Jasmin Rest Apt. 396,West Rickyburgh,South Dakota,93105,18.550616,-46.154158,713
Antonio Jones,64,551 Lang Stream,Davisshire,Missouri,9029,169.888899,88.4190875,714
Andrew Jones,55,52858 Hodges Rapids Suite 801,New Amyhaven,Arizona,2737,-121.263812,60.333564,715
Scott Romero,78,33060 Zavala Trail,Moralesfort,Wisconsin,18545,4.952537,78.8210925,716
Amy Fuller,72,70390 Jessica Trail,Lake Robert,Alaska,45443,165.608877,25.577992,717
Michael Turner,69,0537 James Gateway,Andrewburgh,Utah,39845,-54.81862,82.1040715,718
Donna Taylor,78,961 Allison Skyway,Jasonborough,California,36006,-11.000377,-29.5470245,719
Hayden Robinson,16,47585 Alexandra Hill Apt. 387,North Austinland,Florida,20572,53.914961,-42.4026595,720
Robert Phelps,23,130 Kenneth Place,Lake Nicolestad,New York,36317,-100.200822,28.372081,721
Deanna Huang,35,6350 Scott Route,North Jane,Nebraska,3301,-137.785986,-49.316556,722
Carlos Castro,19,01250 Mitchell Overpass,North Hannahbury,Maine,4948,60.77949,8.925086,723
Douglas Bowman,33,285 Amanda Mill,Port Williammouth,North Dakota,43312,-138.673521,88.8328355,724
Michael Williams,82,69796 Taylor Pike,Laneville,Georgia,59303,103.191346,66.549945,725
Christopher Atkins,42,7658 Hughes Rapids,Jacksonfurt,Utah,94783,-77.819413,25.1000315,726
Amy Diaz,4,8660 Sarah Port,North Abigailville,Florida,2984,73.23348,33.5718875,727
Jacqueline Taylor,55,847 Hickman Keys Suite 890,West Stephenburgh,North Dakota,89139,-127.639536,-47.3801535,728
Elizabeth Smith,17,747 Andrea Crescent,New Lisaport,New Mexico,58379,-12.50589,22.6317665,729
Howard Parker,80,0429 Butler Extension Apt. 696,Morenotown,Hawaii,90818,139.307649,-77.015146,730
Nathan Vargas,56,4807 Smith Highway,Kingview,Oregon,25221,-130.505785,39.6303875,731
Melissa Salazar,84,41722 Ramsey Knolls Apt. 707,South Sarahside,Illinois,24944,19.015236,40.470779,732
Benjamin Smith,74,80772 Lori Springs Suite 205,Moniqueborough,Pennsylvania,33177,179.934947,43.5169295,733
Joshua Moore,49,8084 Patterson Brook Apt. 846,East David,Indiana,69711,86.207575,-40.155547,734
Cathy Flores,24,4487 Johnson Greens Apt. 264,Russellstad,Indiana,63656,-166.386645,-44.2352695,735
James Bell,75,1297 Crystal Street Suite 802,Jeremymouth,Minnesota,8352,136.088244,1.278997,736
Tiffany Garcia,8,010 Andrew Forge Apt. 806,South Lindsay,Alabama,52029,-58.132336,65.5863185,737
Kristin Watson,77,219 Ford Crossroad Suite 697,Chapmanside,Pennsylvania,87641,-29.814807,-29.2330465,738
Rebecca Buchanan,86,57496 Glenn Road,North Jeff,Ohio,73309,-126.896992,69.4067955,739
Stacy Davis,61,24619 Ramirez Knolls,Sarafurt,West Virginia,67400,-144.187625,-1.863582,740
Erica Wilkins,49,4238 Jackson Circles,East Bethanyburgh,Wyoming,49257,39.448949,-5.159341,741
Lorraine Fritz,29,524 Daniel Camp Apt. 695,Brianchester,New Jersey,89292,61.212146,-12.1743165,742
Troy Jones,37,167 Karen Stravenue,Thomasshire,Ohio,17461,103.619048,-89.828531,743
Latoya Hamilton,86,7665 Olson Road,Bryanhaven,South Carolina,93743,-15.908051,-46.019014,744
Mason Collins,70,55908 Tapia Bridge,East Tinaport,North Carolina,61322,-96.835829,-57.0067125,745
Kathryn Fletcher,19,7790 Patricia Route,Cruzburgh,Mississippi,6275,-83.609955,55.5827315,746
Dr. Jose David,25,7307 Gillespie Fort,Kathymouth,Missouri,90233,4.251155,9.320829,747
Omar Johnson,77,361 Lacey Bridge Suite 888,Jenkinsshire,South Carolina,96595,-50.904741,-55.9414045,748
James Hall,68,6507 Joshua Meadow Suite 461,South Katherinemouth,Minnesota,52692,-86.478672,-28.684886,749
Bryan Curtis,36,537 Samantha Glens Suite 370,Debramouth,Oregon,60252,177.740864,-58.8076995,750
Joseph Wilson,37,15666 Thompson Dam Apt. 221,East Sharontown,Mississippi,22969,37.562385,25.6000645,751
Martha Leonard,26,16051 Edwards Villages Apt. 977,Andrewschester,Rhode Island,52221,152.223092,-72.7010775,752
Brenda Bailey,78,2006 Bright Flat Apt. 011,Markville,Pennsylvania,20198,40.607484,-75.8133175,753
Carrie Payne,53,7586 Oscar Prairie,Leonhaven,Tennessee,10934,56.408053,-82.6719465,754
Phillip Evans,82,82824 Hannah Orchard,New Kevin,South Carolina,80661,12.48734,80.6974375,755
Vicki Abbott,32,512 Amy Harbor Apt. 398,Gilmoreburgh,Hawaii,92429,-64.924117,2.693482,756
David Raymond,86,244 Malone Summit Apt. 051,Cassandrabury,Oregon,75956,159.517901,-69.267456,757
Sarah Salinas,71,62671 Christopher Square Apt. 041,East Lonnie,Michigan,7952,132.386181,8.702355,758
Sharon Ruiz,81,17756 Carpenter Branch,North Kenneth,Georgia,54204,-92.651899,33.7679485,759
James Conner,22,652 Williamson Club Apt. 694,Manuelside,New Jersey,83290,-152.275972,8.464419,760
James Cabrera,79,8712 Miller Bypass Suite 599,Phillipston,Michigan,77363,-60.542937,-2.6663555,761
Michael Stevenson,24,13963 Fields Mountains,North Debrafort,Maine,36513,37.4163,-51.77072,762
Casey Ryan,82,499 Clark Land Apt. 705,Knoxside,New Hampshire,57069,-88.837311,17.3787495,763
Amber Hill,45,058 Mckinney Mills,New Michaelstad,Oregon,11725,-121.184015,-1.465805,764
Melissa Daniels,68,306 Paul Dam,Jeffreyport,Maine,92790,-125.465131,28.8270595,765
Blake Armstrong,80,53146 Teresa Isle Suite 572,Richardborough,Arizona,30922,-104.724917,-71.1762755,766
Lindsey Ramirez,87,20591 Knapp Plain Apt. 597,Anaburgh,Michigan,61492,-53.666377,14.2658915,767
Robert Reed,21,08264 James Plaza Suite 651,West Michaelfurt,Michigan,47665,-124.779196,63.4552545,768
Sarah Kennedy,33,5951 Ford Trafficway Apt. 321,East Yolanda,Florida,50819,-39.242522,-20.0888055,769
Lindsey Sawyer MD,75,6367 Richard Islands,South Ralphbury,New Hampshire,88671,-73.106139,-57.607594,770
Alyssa Baker,13,207 Tanya Squares Apt. 437,Edwardsfurt,Delaware,35283,175.599544,6.2459375,771
Samuel Barber,48,15425 Patterson Avenue Apt. 376,Burnsberg,Vermont,5081,-94.780656,85.461676,772
Darlene Davis,70,61005 Madison Route Apt. 683,Williamville,New Hampshire,19310,64.719163,12.2948565,773
Laura Jones,17,61691 Sanchez Street Apt. 393,Bobbyside,Wisconsin,40508,14.743901,89.216431,774
Ariana Graves,18,71059 Vargas Light,Port Brandon,Oregon,66700,26.624834,-2.7587265,775
Kent Obrien MD,44,33063 Jones Walks Suite 369,Lowehaven,Vermont,47728,-73.514857,61.866409,776
Krista Holt,93,915 Chandler Points Apt. 501,Lake Julie,Connecticut,7130,26.729592,53.842153,777
Bryan Mosley,62,2539 Pope Crest,Richardborough,South Carolina,50353,114.078935,-64.453989,778
Elizabeth Bauer,45,98786 Sanchez Bypass Suite 813,Ruizville,Hawaii,5168,132.241023,55.940905,779
Juan Perez,44,85316 Paul Grove Suite 677,Terryshire,South Carolina,56479,58.916556,-32.601632,780
Christina Giles,78,3577 Crystal Manor,New Cory,Wyoming,56053,111.683949,-44.7808665,781
Jerry Mayo,88,687 Parrish Extension Suite 777,North Benjamin,Indiana,28086,133.579233,5.743949,782
Jacqueline Mejia,88,680 Scott Trafficway Apt. 547,Sandraview,Wisconsin,81680,68.624899,-55.358492,783
Jose Richard,13,16743 Phillips Brook,Singletonfort,Kentucky,30232,-39.464137,-26.46951,784
John Jackson,100,1570 Hannah Meadow,Mataburgh,Colorado,85129,128.785136,62.6795175,785
Isaac Parks,17,09669 David Dale Suite 360,Thomasfurt,California,22368,-80.202259,-5.305631,786
Cynthia Oneill MD,26,45514 Kenneth Ford,Willisborough,New Jersey,47810,110.237785,-34.1032965,787
Kathy Mitchell,20,63414 Campos Hollow,Rodriguezchester,Nevada,42160,123.40029,-25.024624,788
John Vega,27,92504 Robertson Brooks,Johnhaven,Florida,43846,175.447914,-5.658744,789
Sara Murray,3,9562 Lutz Throughway,North Michelleberg,Alabama,34702,3.741236,-13.27997,790
Heather Garcia,70,47661 Mcdaniel Squares Suite 281,South Sarahhaven,Washington,81732,-98.435429,19.987425,791
Amanda Wilson,34,512 Kimberly Plains Apt. 960,Jonesville,Mississippi,33621,22.431572,33.9124375,792
Lauren Sanchez,33,830 Campbell Dale Suite 908,South Lee,New Jersey,19461,-100.037712,34.217178,793
Scott Welch,50,370 Randy Rue,Davismouth,Colorado,87296,-9.379282,-82.126462,794
Robert Johnson,32,48756 Sean Fall,Bethanyburgh,Idaho,66775,37.291444,22.863005,795
Kevin Gonzales,21,6895 Castro Pines,New Andrewburgh,Maine,19732,38.786325,37.187182,796
Ms. Tamara Hamilton,84,717 Alexander Circles Suite 927,Port Kristen,Florida,97412,156.914302,53.842104,797
David Gutierrez,30,66989 Richard Center Apt. 922,Kaylafort,Louisiana,37728,-153.654335,-56.9027905,798
Mandy Barrett,14,894 Pope Rue Apt. 849,Port Edward,Tennessee,60513,-55.929902,-2.834816,799
Miguel Miller,91,99628 Brooks Station Apt. 282,East Steven,Maryland,90105,-140.841275,44.5527985,800
Brian Randall,87,86967 Jeffrey Stravenue Apt. 077,Tammymouth,Wisconsin,91131,7.609456,33.7468955,801
Benjamin Padilla,1,596 Nguyen Rapid Suite 885,Lake Victor,Georgia,34198,165.0541,-15.2781225,802
John Davis,97,7512 Randall Dam,North David,South Dakota,65146,14.018069,-81.4074965,803
Thomas Barton,61,0121 Davis Station,North David,Indiana,14861,114.012845,45.788624,804
Michael Anderson,90,195 Reynolds Ridge Suite 616,South Charles,Texas,27683,142.504774,-84.449385,805
Tracy Sandoval,5,76964 Joseph Mission Apt. 060,Dianeville,Alabama,92597,14.255209,-32.755249,806
Jeremy Sampson,57,490 Jeremiah Street,South Matthewstad,Hawaii,953,-17.566167,23.098335,807
Kyle Beck,33,335 Paul Valleys,North John,Pennsylvania,14946,-158.245399,6.2137945,808
Denise White,73,379 Melissa Street Suite 312,Phillipfort,Colorado,86913,150.335151,-39.92929,809
Lisa Green,38,490 Noble Highway,East Peter,New Mexico,55654,7.152781,23.151183,810
Donna Holt,30,16297 Campos Highway,Port Emilybury,Louisiana,44770,67.865162,15.6512125,811
Lisa Allen,4,2156 Arnold Loop,Port Robertburgh,North Carolina,35006,170.343644,-0.8845375,812
Denise Franco,74,927 Castillo Stream,Margarettown,Arkansas,38083,-172.778715,-62.8721895,813
David Morales,89,7316 Jennifer Meadow,Millerville,Texas,61112,-68.927084,-75.187689,814
Allison Scott,17,4928 Pugh Way,East Vicki,Arkansas,97038,-60.704551,-85.700065,815
Brandon Gill,53,24199 Murphy Club Suite 840,Adkinsbury,Maryland,9374,-5.218284,30.633572,816
Curtis Hickman,63,58805 Johnny Trafficway Suite 527,Stuarttown,New York,43982,141.479813,-64.129093,817
Jason Hall,58,0284 Huang Lane,West Travis,Oregon,95476,-153.056116,-15.8228825,818
Mary Clark,94,81720 Shelby Ports Apt. 752,Port Robinton,Nebraska,73724,-158.95221,-28.405388,819
Jennifer Phillips,84,327 Perry Fields Suite 703,Andersonview,Virginia,74911,29.238132,37.225604,820
Mark Wood,79,290 Sanchez Lake Suite 153,Johnsonberg,Tennessee,60353,29.713442,1.592228,821
James Taylor,27,367 Kathleen Rapid,Amandamouth,Arkansas,55311,126.719169,73.593479,822
Janet Martin,1,9616 David Ranch,Lake James,Oregon,48110,-76.088427,-0.396703,823
Wanda Le,99,655 Carmen Path Suite 668,Erintown,Colorado,58379,-99.07607,-49.955858,824
Angie Kaiser,2,654 Nelson Terrace,New Ashley,California,77583,-41.064095,-35.255385,825
Derrick Garcia,43,697 Julia Estates,Lake Crystal,North Carolina,93792,-65.900812,57.6684035,826
Chelsea Stewart,71,254 Hart Keys Apt. 527,Yateshaven,Pennsylvania,44443,3.153226,77.32525,827
Garrett Farrell,75,32616 Smith Ferry,East Francesshire,Delaware,5021,-109.73653,-68.7026975,828
Bobby Booth,41,465 Bryan Extension,Christopherbury,New Hampshire,84133,114.730259,-0.5509575,829
Sarah Christensen,57,427 Dominguez Rapids Suite 334,North Robert,Connecticut,17112,-173.429731,32.288353,830
Mark Washington,84,76251 Leslie Burg,Port Jennifer,Colorado,58120,62.446205,-8.326315,831
Stacy Wells,66,504 Kara Orchard,South Kenneth,Mississippi,93521,-146.98166,59.8151535,832
Daniel Le,84,81044 Kirk Viaduct,Mahoneyville,Florida,36447,36.246215,30.6914395,833
Christopher Nichols,80,9249 Lisa Neck Apt. 739,Port Amanda,Pennsylvania,42317,44.917013,-79.1565535,834
Juan Lopez,55,35653 Alicia Lakes,Ryanland,Georgia,51153,129.758977,11.1725965,835
Andrew Moore,70,4983 Freeman Junction Apt. 076,New Travis,South Dakota,82672,-62.316093,-1.9375445,836
Sierra Hughes,46,9342 Brittany Expressway Suite 634,Thompsonstad,Massachusetts,90993,-151.882851,-78.0741045,837
Thomas Miller,42,3852 Virginia Camp Apt. 793,Port Kristenview,Illinois,98176,149.521323,-71.93602,838
Andrew Johnson,32,8565 Gail Mountains,Jenniferville,Kansas,9257,125.008746,64.9227695,839
Mark Martinez,50,024 Steve Coves,Madelineville,Delaware,37154,-169.838254,35.8808805,840
Randall Anthony,57,54088 Mccall Pines,Port Michael,Idaho,5545,80.243389,26.793655,841
Danny Bennett,92,27566 Jeffery Place,Obrienberg,South Dakota,2643,114.068814,67.6952,842
Mark Graham,28,9139 Rodney Cape Suite 938,West Josemouth,Alaska,27282,-160.18183,-32.6810585,843
Juan Lin,59,58329 Brooke Stravenue,Davidville,Arkansas,45231,92.482256,-59.509261,844
Becky Ward,64,8646 Jose Lights Apt. 262,Port Jessicatown,New Hampshire,15417,-57.785454,-25.9195835,845
David Adams,26,6052 Carmen Rapids,Lake Destinyview,New Hampshire,21997,63.045041,-44.9370585,846
Anna Nelson,76,1149 King Village Apt. 461,Donaldmouth,Utah,20670,-33.256744,85.992994,847
Mr. Andres Frank,69,476 Jenkins Ramp,Conleyview,Hawaii,68882,-17.875251,61.122972,848
Edward Velasquez,86,52073 Burton Extensions Suite 599,East Kara,Wyoming,56534,41.658251,-75.0956305,849
Kelsey Roth,9,0692 April Row,Port Wesley,Arkansas,26772,-78.835504,-42.7803635,850
Kristin Knight,19,26633 Sarah Trail Apt. 187,Port Stevenberg,Missouri,62909,-132.85378,-87.072764,851
Matthew Sims,80,72295 Kenneth Light,Rogersberg,Alaska,88456,-3.375115,-10.28327,852
Fernando Garcia,77,09798 Amanda Stravenue Suite 841,South Seanchester,New Hampshire,94356,-95.245631,-9.292476,853
Kelly King,41,085 Thomas Flats Apt. 473,Wallsburgh,West Virginia,71183,-55.851323,-1.358899,854
Laura Smith,3,2455 Thomas Plaza Suite 062,Phillipsmouth,Colorado,89704,-173.265982,82.242234,855
Cesar Morris,8,4657 Lopez Throughway,Port Thomasport,Oregon,26347,-1.180669,-47.3254555,856
Isabel Graham,58,81422 Rogers Coves Apt. 670,Angelbury,Maine,3132,-87.095848,-56.7081715,857
Rebecca Moore,24,398 Moore Springs Suite 026,West Deannaborough,Kansas,32730,-48.687146,-44.9517655,858
Mary Paul,98,8309 Ruiz Mill Suite 523,Jasmineport,Georgia,39297,-158.126622,26.585751,859
Justin Jackson,21,3505 Weaver Grove Apt. 555,North Josephstad,Kentucky,29376,168.57002,52.570976,860
Adrienne Yu,80,893 Burton Trail Apt. 308,Sarabury,Missouri,86118,-160.0307,52.3349335,861
Jackie Harding,16,7753 Brown Drive Apt. 882,East Katherine,Wyoming,11335,123.27466,-39.00296,862
Natalie Carney,72,52593 Matthew Center,Matthewport,Colorado,13990,-77.382859,-36.891829,863
Bradley Barrett,52,46918 Butler Branch Suite 240,Austinport,Colorado,12757,137.626441,-12.2743055,864
Rachel Simpson,79,0781 Steele Grove,New Debraview,West Virginia,79641,-34.261038,52.816918,865
Christina Cantrell,23,95799 Travis Branch,Greenport,Missouri,77974,153.859444,-23.77117,866
Jeffrey Jordan,12,973 Day Crest Apt. 548,Baileytown,Louisiana,37000,-56.435463,42.627316,867
Thomas Nelson,89,6662 Lisa Unions Apt. 191,Andersonfort,Nebraska,22834,-104.27435,75.167025,868
Larry Doyle,87,6156 Glass Land Apt. 621,East Olivia,Utah,45643,-158.579295,85.3676475,869
John Campbell,97,361 Ruiz Cliff Apt. 819,Penningtonmouth,Nevada,94090,-58.709573,88.738312,870
Christopher Swanson,32,1676 Bobby Parkway Apt. 434,Austinberg,Colorado,62974,168.368438,-4.468781,871
Helen Cooper,71,34568 Mary Light,Barryberg,Pennsylvania,73557,27.075318,-71.3443755,872
Johnny Richards,46,0368 Cassandra Flats Suite 853,New Rachel,Missouri,8011,-22.476378,23.0204375,873
Michael Kirk,46,51776 Thompson Mission Apt. 771,Kennethland,Montana,89267,-60.32797,-55.380972,874
Rhonda Gordon,44,4221 Andrew Walks Suite 991,Jacksonside,Virginia,95233,-125.999375,-31.5779575,875
William Lopez,5,425 Brown Summit Suite 799,North Timothyshire,Alabama,87337,-66.520373,-6.433393,876
Casey Hernandez,15,5372 Winters Common,Nancyberg,Maine,26828,118.535827,-36.006476,877
Dwayne Smith,62,549 Crystal Cape,Lake Danaburgh,West Virginia,72568,-2.817249,-63.1598055,878
David Robertson,25,48287 Rachel Throughway Apt. 381,New Travisborough,Arkansas,39233,-54.571444,17.4696735,879
David Williams,31,994 Collins Lake Suite 233,Pierceborough,New Jersey,90971,172.279092,80.82377,880
Patricia Porter,46,904 Jessica Mews Apt. 728,Paynestad,North Carolina,30548,-155.936264,57.247068,881
Marissa Preston,45,53836 Derek Ferry,North Johnmouth,Arkansas,46183,-106.967932,1.614225,882
Bryan Martin,43,588 Billy Freeway Apt. 533,New Jeffreyburgh,Ohio,10801,33.627587,-27.9363535,883
Patricia Gould,47,611 Johnson Manor Suite 687,Earlfurt,Michigan,54551,76.534493,-26.605789,884
Alexis Walter,48,52537 Lisa Island Apt. 835,Lake Danaside,Massachusetts,10024,-59.717021,-9.5405365,885
Martin Green,51,540 Bauer Oval,Lopezbury,Missouri,75726,20.865126,37.765085,886
Russell Gonzalez,14,247 Butler Grove Suite 567,New Adriana,Tennessee,81611,107.993195,-32.5486265,887
Brian Young,30,854 Rachel Station,Lake James,Hawaii,95461,165.758868,26.5515245,888
Amanda Hoover,73,4251 Atkinson Ferry Suite 639,Robertborough,Maryland,47735,-17.716199,-15.3800625,889
Brad Oneal,35,788 Stevens Locks,New Denise,Pennsylvania,85269,42.918482,33.6587045,890
Andrea Foster,89,0298 Griffith Bridge,South Barbara,Wisconsin,83408,-106.483919,-16.1533495,891
Misty Mitchell,92,28342 Jose Greens Suite 686,Lake Mark,North Dakota,20174,108.795641,23.040488,892
Alexander Gonzalez,37,793 David Hill Apt. 944,East Christophermouth,Utah,48179,110.83083,-14.3854575,893
Ashley Mccullough,99,2632 Fisher Brook Apt. 130,Cordovastad,California,98626,-51.641377,-56.5739915,894
Melissa Mccoy,32,932 Erin Mountains,New Diane,North Dakota,96972,-84.091246,-86.692788,895
Carolyn Acosta,57,618 Ross Highway,South Jamesview,Alabama,60285,86.000677,61.215178,896
William Barnes,7,719 Kimberly Lakes,New Jonathanville,Pennsylvania,88993,-73.079547,-44.07297,897
Rachel Cooper,44,8207 Daniel Hills Suite 262,South Paula,North Dakota,62020,84.197352,60.5191265,898
Mary Anderson,99,80581 Jonathan Glens,Nicoleborough,Vermont,31203,-32.618639,37.8550005,899
David Lee,66,7774 Nicholas Gateway,Morenomouth,New Mexico,14325,36.505582,67.66017,900
Christina Rodriguez,26,14550 Jessica Track Suite 946,Smithville,South Carolina,45309,129.485988,81.775656,901
Jacob Bryant,88,2919 Cantu Ranch Suite 276,New Danielborough,Louisiana,24962,49.798804,58.581175,902
Marie Lawrence,42,466 Rachael Tunnel,East Alicia,New Mexico,29599,-96.208002,18.880449,903
Katherine Wilson,26,52397 Abbott Street,Port Colleen,Nevada,1316,-137.895263,24.783143,904
Jeremy Moreno,22,4465 Bruce Point,Myersview,Idaho,93790,-104.36537,30.487273,905
Jason Blevins,60,751 Lynch Bypass Suite 812,New Danielton,Michigan,41936,68.421213,-29.384398,906
Kenneth Lee,30,005 Timothy Bridge Suite 817,Benjaminmouth,New Jersey,87617,35.394034,-32.7587185,907
Michael Walsh,66,2352 Miller Lake,Anthonyburgh,Iowa,11913,-76.430522,24.3572545,908
Justin Young,27,82934 Mccarthy Corners Apt. 598,East Jill,Arizona,68520,138.894853,82.2617885,909
Bonnie Johns,89,53825 Deleon Overpass Apt. 171,Burgesston,North Dakota,26677,94.3321,-23.553619,910
Mark Cisneros,84,84004 Smith Route Apt. 645,North Sara,Iowa,36295,127.13736,-54.2925915,911
Christine Booker,94,710 Amber Corner Suite 699,Matthewmouth,Massachusetts,75690,94.412578,45.9665035,912
Maurice Barnett,49,05138 Mary Plains,New Aliciatown,Kansas,76933,-79.409577,85.55682,913
Kimberly Lee,39,8481 Estes Manor Suite 291,Port Travisfurt,Alabama,10933,-40.123908,78.455192,914
Cynthia Ford,31,391 Johnson Spurs,Corteztown,Colorado,61034,-139.445109,24.3885475,915
Brian Cook,94,79518 John Light,Carsonview,Wyoming,21868,92.605744,-73.8384855,916
Mary Jones,69,5024 Browning Pass,Peterside,Wisconsin,47795,123.407295,68.379609,917
Walter White,50,2297 Robert Lodge,West Hollyport,Iowa,72262,158.033545,57.4828095,918
Pamela Williams,82,0645 Beasley Points,Alexandriastad,Hawaii,31656,-76.840711,-71.483585,919
Antonio Pierce,45,5747 Joshua Villages Suite 620,Lake Jessicafurt,Georgia,27070,-80.556972,-66.945041,920
Collin Bailey,13,009 Mitchell Neck,Lake Kimberlyburgh,South Dakota,50014,58.653226,-30.5589295,921
Alexandra Brown,76,20615 Mary Underpass,Robertburgh,New Jersey,29164,115.819008,-1.8279575,922
Carol Delgado,74,9198 Brandi Track Apt. 877,New Melissa,Pennsylvania,32934,10.816331,-19.888535,923
Taylor Case,57,10153 Hernandez Coves,Maxwellburgh,Rhode Island,18812,124.09588,-70.9148175,924
Nicholas Robbins,49,35218 Tucker Road Suite 847,Stacymouth,Arkansas,13236,88.724837,-30.206544,925
Sarah Russell,92,463 Campbell Alley Suite 082,Herrerafurt,Washington,95529,-157.24839,-61.7665235,926
Emily Cordova,46,671 Victoria Ways,Sanchezton,Indiana,22368,-28.559161,77.419464,927
Elizabeth Diaz,97,792 Judy Mill,South Sheilaborough,Idaho,95287,170.543028,-32.65724,928
Brianna Rodriguez,26,2325 James Avenue Suite 712,Lake Jasmine,Pennsylvania,58034,45.184375,-36.64814,929
Alice Oliver,58,8320 Jamie Lights,South Sean,Arizona,33964,79.788389,-11.289726,930
David Henderson,11,14342 Perez Flats,Sarahstad,Oregon,49546,-93.752505,-43.6246855,931
Victoria Dyer,56,677 Brooks Mission,Valeriestad,West Virginia,95865,-52.969787,-58.362006,932
Mary Wong,83,53153 Frances Neck,West Daniel,Kansas,61025,-68.405736,-4.19628,933
Melissa Phillips,92,75234 Garcia Junctions Suite 591,East Valeriehaven,Tennessee,91489,82.810715,33.8147165,934
Nancy Weaver,99,870 Rogers Unions,Port John,Delaware,97044,-151.379571,-18.2140265,935
Natalie Collins MD,24,0004 Smith Passage Apt. 764,Thompsonmouth,Minnesota,60768,56.951243,58.4627395,936
Jonathan Rivera,61,96823 Devon Plains Apt. 408,Sarahton,California,32300,-60.91392,-3.302042,937
Brett Long,51,96431 William Park Apt. 517,Beckerhaven,South Carolina,56086,28.107119,-3.315511,938
Andrew Lewis,12,609 Kyle Circles Apt. 663,Danaberg,Colorado,93451,-176.131998,8.7076405,939
Barry Mcclain,48,3024 Ruiz Drive,Melissaville,Alabama,17347,-65.76751,-87.321153,940
Samuel Martin,95,30580 Rose Unions Apt. 133,Port Lauren,Kansas,79762,99.548965,-73.8355705,941
Cynthia Middleton,84,8531 Jared Expressway Suite 273,Lake Dustin,Florida,25923,-133.837652,31.020961,942
Jared Bullock,4,663 Baker Vista,North Timtown,Indiana,93946,75.782868,-66.0782255,943
Natalie Leonard,89,776 Cobb Underpass,South Jason,North Dakota,54199,-154.940713,-81.210278,944
Danielle Sharp,52,671 Amanda Cliffs,Garytown,Massachusetts,13162,121.421581,-77.855206,945
Mary Aguirre,90,180 Jones Path Suite 816,Josephfort,Tennessee,60710,-81.898123,75.030483,946
Michael Nelson,80,12918 Victor Dam,Stanleyland,Pennsylvania,13828,164.490335,56.5138945,947
Erica Holland,49,803 Sherri Plain,West Devonmouth,Pennsylvania,27672,33.585988,47.5545865,948
Kayla Mack,1,1313 Nelson Path Apt. 966,Matthewville,New Hampshire,22526,140.404247,-44.396092,949
Julie Berry,1,77917 Mcdonald Plaza Suite 584,Charlesmouth,Colorado,19032,-82.563612,-6.0466185,950
Lisa Wood,58,8939 Brown Row,Port Peterbury,Georgia,24695,-6.468168,-19.5755435,951
Robin Martinez,7,79729 Fowler Station,West Sandyshire,Washington,36503,-166.179455,26.3709335,952
Amy Khan,82,6806 Christopher Key Suite 763,East Prestonshire,New Mexico,19998,-24.19872,40.3315645,953
Victor Pierce,25,07267 Boone Roads Suite 306,Leeborough,Missouri,5606,-65.986086,27.3439465,954
Jesus Tran,89,331 Jared Rapid Apt. 478,Barronstad,Maine,71981,50.61426,-75.920228,955
Raymond Taylor,60,08550 Scott Walks Suite 477,East Nathan,Illinois,84673,-78.047598,-39.154572,956
Tiffany Byrd,7,83519 Lopez Views,Port Luischester,Alaska,10263,-111.36467,70.4534755,957
Joshua Gray,37,762 Mcdaniel Junction,Osbornview,Indiana,84447,-161.964342,-84.593641,958
Ms. Nancy Jones,63,245 Clements Trace,Christineland,Nevada,79386,100.932546,-41.8467115,959
Laura Smith,49,24678 Mcintosh Alley,Lake Jennifer,Hawaii,32667,-143.338202,83.966178,960
Gregory Cordova,58,62676 Teresa Parkways,Chelseaville,Ohio,53919,-85.664909,33.9060345,961
Edward Li,69,2193 Cynthia Square Apt. 391,Ericland,North Dakota,26484,104.494633,9.8272825,962
Brandy Pope,18,621 Deborah Wall,East Evan,South Carolina,37350,174.532364,43.562241,963
Jennifer Shah,60,3267 Alicia Grove Suite 842,West Dawnshire,Wyoming,96557,-30.183162,-88.582621,964
Brandy Parker,64,42989 Stewart Pike Suite 123,Charleston,Ohio,40192,-64.459386,-82.5718985,965
Richard Keller,87,7723 Martinez Parkways Suite 526,West George,Texas,64795,134.957493,-13.200443,966
Julia Horton,58,392 Mcneil Coves Suite 893,New Christy,Illinois,76225,130.09919,-32.350058,967
Taylor Miles,75,8573 Hughes Unions,Jackbury,Nevada,56963,-87.975818,-51.5155275,968
Rebecca Anderson,89,624 Peterson Extensions Apt. 497,East John,Tennessee,98312,124.851692,-69.17289,969
Steven Fuentes,37,302 William Crescent,Perryview,Louisiana,33830,40.064877,3.300719,970
Billy Jarvis,99,095 Walters Highway Apt. 056,New Alyssaland,New Jersey,778,-162.418757,26.277318,971
Sherry Smith,19,8033 Andrew Shoal,Isaacville,Hawaii,77464,169.180744,10.218886,972
Elizabeth Harper,86,1474 Brooks Fields,East Jayshire,Iowa,75648,-154.952124,-28.097614,973
Christopher Diaz,12,9265 Lewis Mill Suite 235,North Lindseybury,Louisiana,67676,-43.043608,9.121883,974
Linda Lopez,87,9414 Garner Forges,Tammyport,Arizona,90927,-50.801555,-5.414086,975
Antonio Wells,83,18127 Jacqueline Branch Apt. 489,Millerborough,Hawaii,86738,61.886574,2.950972,976
Ann Peterson,54,0369 Alec Expressway Suite 792,Jasonfurt,Wyoming,11062,66.284575,73.025018,977
Erik Austin,76,63507 Warner Throughway,Davidsonland,Rhode Island,81853,72.874543,-9.0052585,978
James Hensley,56,0575 Christina Cove Suite 388,Swansonchester,North Carolina,77402,-170.975868,35.2449245,979
Cheyenne Flores,33,87844 Moore Lake Suite 835,Hughesmouth,Arizona,67371,-78.563938,-57.5474425,980
Nathan Guerrero,97,259 Ian Ridges Apt. 025,East Stevenshire,Arizona,5988,15.680767,-77.086335,981
Noah Williams,87,3509 Turner Brook Suite 673,Smithbury,Nevada,29167,-76.498683,22.367792,982
Paul Lee,48,45719 Tyler Freeway Suite 992,Thompsonmouth,Iowa,996,-116.059466,-44.7133445,983
Ashley Chambers,58,2797 James Track,Dayville,New Mexico,25530,-153.930353,85.605435,984
Daniel Anderson,38,0197 Anthony Plain,Lake Hannahburgh,Rhode Island,5987,19.708128,47.545204,985
Brian Williams,87,7080 Lori Center Suite 578,North Billy,Kentucky,19032,-102.744773,-51.9990445,986
Jacob Rasmussen,79,9671 David Pine,Port Sharonton,Wisconsin,46885,9.773941,-71.543839,987
Robert Cole,2,489 Phillips Corner Apt. 084,Torreston,Connecticut,67498,108.369222,2.631737,988
Chelsea Gardner,21,51519 Fletcher Shores Apt. 087,Jeffton,Idaho,28151,-22.849035,58.6472475,989
Daisy Massey,11,70340 Murphy Camp,New Ginafort,Kentucky,77560,148.227393,-57.6274285,990
Nicole Pruitt,29,763 Jones Neck,Barnettland,Delaware,16812,-103.121249,70.988872,991
Eric Simpson,32,29846 Ashley Park Apt. 826,Martinezmouth,Missouri,91461,95.453921,-89.260932,992
Jennifer Baker,60,8683 Hall Point Suite 808,North Jessicaland,Alaska,72163,109.378722,-73.0747655,993
Paul Smith,70,5700 Marshall Rapid Apt. 182,West Jessicabury,Wisconsin,31420,-129.232572,72.983919,994
Susan Lewis,45,231 Mckee Court Suite 471,West Scott,Wyoming,82462,33.788945,84.759388,995
Joseph Wilson,85,08120 Banks Brooks Apt. 161,Port Duaneburgh,Maine,20881,-10.988891,-39.776668,996
Micheal Fisher,38,653 Perry Circles Apt. 671,New Madison,Tennessee,82919,172.127526,-43.6197765,997
Mr. Seth Martinez,81,579 Spencer Dam Apt. 109,Dannytown,Tennessee,65415,79.895383,58.986239,998
Luke Cowan,94,0017 Jason Ridges,Brownport,South Dakota,66217,-30.725534,-10.6193,999
